Workbook
Name Ca: MATRIZ!$F$6:$F$36
Name EM: MATRIZ!$E$6:$E$36
Name fb: MATRIZ!$N$6:$N$36
Name Fb: MATRIZ!$N$6:$N$36
Name Ing_equinos: RAÇÕES!$V$5:$V$35
Name Ing_F: RAÇÕES!$J$5:$J$35
Name Ingr4: RAÇÕES!#REF!
Name Ingr5: RAÇÕES!#REF!
Name Ingred1: RAÇÕES!$B$5:$B$35
Name Ingred2: RAÇÕES!$J$5:$J$35
Name Ingred3: RAÇÕES!#REF!
Name IngrI1: #REF!
Name IngrI2: #REF!
Name IngrI3: #REF!
Name IngrI4: #REF!
Name IngrII1: #REF!
Name IngrII2: #REF!
Name IngrII3: #REF!
Name IngrII4: #REF!
Name Lact: MATRIZ!#REF!
Name Lis: MATRIZ!$J$6:$J$36
Name Met: MATRIZ!$K$6:$K$36
Name Na: MATRIZ!$O$6:$O$36
Name P: MATRIZ!$G$6:$G$36
Name PB: MATRIZ!$D$6:$D$36
Name Treo: MATRIZ!$L$6:$L$36
Name Trip: MATRIZ!$M$6:$M$36

Sheet Exercicio

Sheet MATRIZ
D2: Matriz segundo Rostagno
C3: INGREDIENTES | D3: Proteína | E3: EM | F3: Cálcio | G3: Fósforo | H3: Sódio (%) | I3: Cloro (%) | J3: Lisina | K3: Metionina | L3: Treonina | M3: Triptofano | N3: Fibra | O3: Sódio
D4: Bruta | E4: Frangos | F4: % | G4: total | J4: total | K4: total | L4: total | M4: total | N4: Bruta | O4: %
D5: % | E5: kcal/kg | G5: % | J5: % | K5: % | L5: % | M5: % | N5: %
C6: Milho, Grão 7,86% | D6: 7.86 | E6: 3364 | F6: 0.02 | G6: 0.1 | H6: 0.01 | I6: 0.09 | J6: 0.23 | K6: 0.16 | L6: 0.31 | M6: 0.06 | N6: 1.73 | O6: 0.01
C7: Soja, Farelo | D7: 45.4 | E7: 2258 | F7: 0.34 | G7: 0.27 | H7: 0.02 | I7: 0.05 | J7: 2.8 | K7: 0.61 | L7: 1.78 | M7: 0.64 | N7: 4.86 | O7: 0.02
C8: Gordura animal (suínos) | D8: 0 | E8: 8080 | F8: 0 | G8: 0 | H8: 0 | I8: 0 | J8: 0 | K8: 0 | L8: 0 | M8: 0 | N8: 0 | O8: 0
C9: Oleo de soja | D9: 0 | E9: 8300 | F9: 0 | G9: 0 | H9: 0 | I9: 0 | J9: 0 | K9: 0 | L9: 0 | M9: 0 | N9: 0 | O9: 0
C10: Calcário calcítico | D10: 0 | E10: 0 | F10: 37.7 | G10: 0 | H10: 0 | I10: 0 | J10: 0 | K10: 0 | L10: 0 | M10: 0 | N10: 0 | O10: 0
C11: Fosfato Bicálcico | D11: 0 | E11: 0 | F11: 24.5 | G11: 18.5 | H11: 0 | I11: 0 | J11: 0 | K11: 0 | L11: 0 | M11: 0 | N11: 0 | O11: 0
C12: Cloreto de Sódio | D12: 0 | E12: 0 | F12: 0 | G12: 0 | H12: 0 | I12: 0 | J12: 0 | K12: 0 | L12: 0 | M12: 0 | N12: 0 | O12: 40
C13: L-Lisina HCL | D13: 0 | E13: 0 | F13: 0 | G13: 0 | H13: 0 | I13: 0 | J13: 78 | K13: 0 | L13: 0 | M13: 0 | N13: 0 | O13: 0
C14: DL-Metionina | D14: 0 | E14: 0 | F14: 0 | G14: 0 | H14: 0 | I14: 0 | J14: 0 | K14: 99 | L14: 0 | M14: 0 | N14: 0 | O14: 0
C15: L-Treonina | D15: 0 | E15: 0 | F15: 0 | G15: 0 | H15: 0 | I15: 0 | J15: 0 | K15: 0 | L15: 98 | M15: 0 | N15: 0 | O15: 0
C16: L-Triptofano | D16: 0 | E16: 0 | F16: 0 | G16: 0 | H16: 0 | I16: 0 | J16: 0 | K16: 0 | L16: 0 | M16: 98 | N16: 0 | O16: 0
C17: Mistura mineral | D17: 0 | E17: 0 | F17: 0 | G17: 0 | H17: 0 | I17: 0 | J17: 0 | K17: 0 | L17: 0 | M17: 0 | N17: 0 | O17: 0
... C20: Sorgo | D20: 8.75 | E20: 3204 | F20: 0.03 | G20: 0.23 | H20: 0.02 | I20: 0.06 | J20: 0.2 | K20: 0.15 | L20: 0.28 | M20: 0.1 | N20: 2.89 | O20: 0.01
C21: Glúten de milho 21% | D21: 21.1 | E21: 1830 | F21: 0.12 | G21: 0.74 | H21: 0.18 | I21: 0.21 | J21: 2.46 | K21: 1.56 | L21: 3.7 | M21: 0.62 | N21: 8.14 | O21: 0.06 | Q21: Mistura mineral | S21: 0,1 ou 0,5%
C22: Proteína isolada de soja | D22: 80.5 | E22: 3573 | F22: 0.17 | G22: 0.75 | H22: 1.14 | I22: 0.02 | J22: 6.1 | K22: 1.29 | L22: 2.46 | M22: 3.68 | N22: 0.17 | O22: 0.01 | Q22: Mistura vitamínica | S22: 0,1 ou 0,5%
C23: Farinha de carne e ossos(43%) | D23: 42.6 | E23: 2083 | F23: 11.3 | G23: 6.2 | H23: 0.58 | I23: 0.62 | J23: 2.07 | K23: 0.56 | L23: 1.29 | M23: 0.19 | N23: 0 | O23: 0.58
C24: BHT | D24: 0 | E24: 0 | F24: 0 | G24: 0 | H24: 0 | I24: 0 | J24: 0 | K24: 0 | L24: 0 | M24: 0 | N24: 0 | O24: 0
C25: Inerte (caulim) | D25: 0 | E25: 0 | F25: 0 | G25: 0 | H25: 0 | I25: 0 | J25: 0 | K25: 0 | L25: 0 | M25: 0 | N25: 0 | O25: 0
C26: Farelo de trigo | D26: 15.1 | E26: 1810 | F26: 0.14 | G26: 0.94 | H26: 0.02 | I26: 0.07 | J26: 0.6 | K26: 0.24 | L26: 0.51 | M26: 0.22 | N26: 9.07 | O26: 0.02

Sheet RAÇÕES
A2: Frango basal | I2: Frango vegetal | U2: Frango animal
A4: Ingredientes | B4: % | D4: Nutrientes | E4: Exige | F4: Fornece | G4: Exc./Def. | I4: Ingredientes | J4: % | L4: Nutrientes | M4: Exige | N4: Fornece | O4: Exc./Def. | U4: Ingredientes | V4: % | X4: Nutrientes | Y4: Exige | Z4: Fornece | AA4: Exc./Def.
A5: =MATRIZ!C6 -> Milho, Grão 7,86% | B5: 38.254 | D5: EM | E5: 3250 | F5: =SUMPRODUCT(Ingred1,EM)/100 -> 3251.7286 | G5: =F5-E5 -> 1.72856 | I5: =MATRIZ!C6 -> Milho, Grão 7,86% | J5: 38.254 | L5: EM | M5: 2975 | N5: =SUMPRODUCT(Ing_F,EM)/100 -> 2975.1965 | O5: =N5-M5 -> 0.19651 | Q5: Preços que já temos | S5: Preco total | U5: =MATRIZ!C6 -> Milho, Grão 7,86% | V5: 27.49 | X5: EM | Y5: 2975 | Z5: =SUMPRODUCT(Ing_equinos,EM)/100 -> 2975.2221 | AA5: =Z5-Y5 -> 0.2221 | AC5: Preços que já temos | AE5: Preco total
A6: =MATRIZ!C7 -> Soja, Farelo | B6: 40 | D6: PB | E6: 20.58 | F6: =SUMPRODUCT(Ingred1,PB)/100 -> 24.386764 | G6: =F6-E6 -> 3.8067644 | I6: =MATRIZ!C7 -> Soja, Farelo | J6: 40 | L6: PB | M6: 22.37 | N6: =SUMPRODUCT(Ing_F,PB)/100 -> 24.687089 | O6: =N6-M6 -> 2.3170894 | Q6: =$A$5 -> Milho, Grão 7,86% | R6: 1.33 | S6: =R6*J5 -> 50.87782 | U6: =MATRIZ!C7 -> Soja, Farelo | X6: PB | Y6: 22.37 | Z6: =SUMPRODUCT(Ing_equinos,PB)/100 -> 23.439414 | AA6: =Z6-Y6 -> 1.069414 | AC6: =$A$5 -> Milho, Grão 7,86% | AD6: 1.33 | AE6: =AD6*V5 -> 36.5617
A7: =MATRIZ!C8 -> Gordura animal (suínos) | B7: 4.18 | D7: Lisina | E7: 1.124 | F7: =SUMPRODUCT(Ingred1,Lis)/100 -> 1.4519842 | G7: =F7-E7 -> 0.3279842 | I7: =MATRIZ!C8 -> Gordura animal (suínos) | L7: Lisina | M7: 1.307 | N7: =SUMPRODUCT(Ing_F,Lis)/100 -> 1.4914992 | O7: =N7-M7 -> 0.1844992 | Q7: =$A$6 -> Soja, Farelo | R7: 2.35 | S7: =R7*J6 -> 94 | U7: =MATRIZ!C8 -> Gordura animal (suínos) | V7: 12.5 | X7: Lisina | Y7: 1.307 | Z7: =SUMPRODUCT(Ing_equinos,Lis)/100 -> 1.307792 | AA7: =Z7-Y7 -> 0.000792 | AC7: =$A$6 -> Soja, Farelo | AD7: 2.35 | AE7: =AD7*V6 -> 0
A8: =MATRIZ!C9 -> Oleo de soja | B8: 7 | D8: Metionina | E8: 0.46 | F8: =SUMPRODUCT(Ingred1,Met)/100 -> 0.4904564 | G8: =F8-E8 -> 0.0304564 | I8: =MATRIZ!C9 -> Oleo de soja | J8: 6.7 | L8: Metionina | M8: 0.536 | N8: =SUMPRODUCT(Ing_F,Met)/100 -> 0.5440799 | O8: =N8-M8 -> 0.0080799 | Q8: =$A$7 -> Gordura animal (suínos) | R8: 3.75 | S8: =R8*J7 -> 0 | U8: =MATRIZ!C9 -> Oleo de soja | X8: Metionina | Y8: 0.536 | Z8: =SUMPRODUCT(Ing_equinos,Met)/100 -> 0.541504 | AA8: =Z8-Y8 -> 0.005504 | AC8: =$A$7 -> Gordura animal (suínos) | AD8: 3.75 | AE8: =AD8*V7 -> 46.875
A9: =MATRIZ!C10 -> Calcário calcítico | B9: 1.2 | D9: Treonina | E9: 0.74 | F9: =SUMPRODUCT(Ingred1,Treo)/100 -> 0.9289874 | G9: =F9-E9 -> 0.1889874 | I9: =MATRIZ!C10 -> Calcário calcítico | J9: 1.2 | L9: Treonina | M9: 0.863 | N9: =SUMPRODUCT(Ing_F,Treo)/100 -> 1.0619514 | O9: =N9-M9 -> 0.1989514 | Q9: =$A$8 -> Oleo de soja | R9: 4.8 | S9: =R9*J8 -> 32.16 | U9: =MATRIZ!C10 -> Calcário calcítico | X9: Treonina | Y9: 0.863 | Z9: =SUMPRODUCT(Ing_equinos,Treo)/100 -> 0.866774 | AA9: =Z9-Y9 -> 0.003774 | AC9: =$A$8 -> Oleo de soja | AD9: 4.8 | AE9: =AD9*V8 -> 0
A10: =MATRIZ!C11 -> Fosfato Bicálcico | B10: 1.5 | D10: Triptofano | E10: 0.202 | F10: =SUMPRODUCT(Ingred1,Trip)/100 -> 0.4261524 | G10: =F10-E10 -> 0.2241524 | I10: =MATRIZ!C11 -> Fosfato Bicálcico | J10: 1.5 | L10: Triptofano | M10: 0.235 | N10: =SUMPRODUCT(Ing_F,Trip)/100 -> 0.4108144 | O10: =N10-M10 -> 0.1758144 | Q10: =$A$9 -> Calcário calcítico | R10: 0.15 | S10: =R10*J9 -> 0.18 | U10: =MATRIZ!C11 -> Fosfato Bicálcico | X10: Triptofano | Y10: 0.235 | Z10: =SUMPRODUCT(Ing_equinos,Trip)/100 -> 0.258399 | AA10: =Z10-Y10 -> 0.023399 | AC10: =$A$9 -> Calcário calcítico | AD10: 0.15 | AE10: =AD10*V9 -> 0
A11: =MATRIZ!C12 -> Cloreto de Sódio | B11: 0.54 | D11: Ca | E11: 0.758 | F11: =SUMPRODUCT(Ingred1,Ca)/100 -> 0.9703508 | G11: =F11-E11 -> 0.2123508 | I11: =MATRIZ!C12 -> Cloreto de Sódio | J11: 0.54 | L11: Ca | M11: 0.971 | N11: =SUMPRODUCT(Ing_F,Ca)/100 -> 0.9775163 | O11: =N11-M11 -> 0.0065163 | Q11: =$A$10 -> Fosfato Bicálcico | R11: 0.8 | S11: =R11*J10 -> 1.2 | U11: =MATRIZ!C12 -> Cloreto de Sódio | X11: Ca | Y11: 0.971 | Z11: =SUMPRODUCT(Ing_equinos,Ca)/100 -> 5.649848 | AA11: =Z11-Y11 -> 4.678848 | AC11: =$A$10 -> Fosfato Bicálcico | AD11: 0.8 | AE11: =AD11*V10 -> 0
A12: =MATRIZ!C13 -> L-Lisina HCL | D12: Ptot | E12: 0.374 | F12: =SUMPRODUCT(Ingred1,P)/100 -> 0.453754 | G12: =F12-E12 -> 0.079754 | I12: =MATRIZ!C13 -> L-Lisina HCL | L12: Ptot | M12: 0.463 | N12: =SUMPRODUCT(Ing_F,P)/100 -> 0.5042665 | O12: =N12-M12 -> 0.0412665 | Q12: =$A$11 -> Cloreto de Sódio | R12: 1 | S12: =R12*J11 -> 0.54 | U12: =MATRIZ!C13 -> L-Lisina HCL | V12: 0.27 | X12: Ptot | Y12: 0.463 | Z12: =SUMPRODUCT(Ing_equinos,P)/100 -> 3.12439 | AA12: =Z12-Y12 -> 2.66139 | AC12: =$A$11 -> Cloreto de Sódio | AD12: 1 | AE12: =AD12*V11 -> 0
A13: =MATRIZ!C14 -> DL-Metionina | B13: 0.135 | D13: Fibra bruta | F13: =SUMPRODUCT(Ingred1,Fb)/100 -> 2.6125942 | G13: =F13-E13 -> 2.6125942 | I13: =MATRIZ!C14 -> DL-Metionina | J13: 0.135 | L13: Fibra bruta | N13: =SUMPRODUCT(Ing_F,Fb)/100 -> 3.2307847 | Q13: =$A$12 -> L-Lisina HCL | R13: 5 | S13: =R13*J12 -> 0 | U13: =MATRIZ!C14 -> DL-Metionina | V13: 0.22 | X13: Fibra bruta | Z13: =SUMPRODUCT(Ing_equinos,Fb)/100 -> 0.475577 | AA13: =Z13-Y13 -> 0.475577 | AC13: =$A$12 -> L-Lisina HCL | AD13: 5 | AE13: =AD13*V12 -> 1.35
A14: =MATRIZ!C15 -> L-Treonina | D14: Sódio | E14: 0.21 | F14: =SUMPRODUCT(Ingred1,Na)/100 -> 0.2282254 | G14: =F14-E14 -> 0.0182254 | I14: =MATRIZ!C15 -> L-Treonina | L14: Sódio | M14: 0.225 | N14: =SUMPRODUCT(Ing_F,Na)/100 -> 0.2311469 | O14: =N14-M14 -> 0.0061469 | Q14: =$A$13 -> DL-Metionina | R14: 10 | S14: =R14*J13 -> 1.35 | U14: =MATRIZ!C15 -> L-Treonina | V14: 0.14 | X14: Sódio | Y14: 0.225 | Z14: =SUMPRODUCT(Ing_equinos,Na)/100 -> 0.292459 | AA14: =Z14-Y14 -> 0.067459 | AC14: =$A$13 -> DL-Metionina | AD14: 10 | AE14: =AD14*V13 -> 2.2
A15: =MATRIZ!C16 -> L-Triptofano | I15: =MATRIZ!C16 -> L-Triptofano | Q15: =$A$14 -> L-Treonina | R15: 82 | S15: =R15*J14 -> 0 | U15: =MATRIZ!C16 -> L-Triptofano | V15: 0.15 | AC15: =$A$14 -> L-Treonina | AD15: 82 | AE15: =AD15*V14 -> 11.48
A16: =MATRIZ!C17 -> Mistura mineral | B16: 0.1 | D16: TOTAL | E16: =B36 -> 100 | I16: =MATRIZ!C17 -> Mistura mineral | J16: 0.5 | L16: TOTAL | M16: =J36 -> 100 | Q16: =$A$15 -> L-Triptofano | R16: 82 | S16: =R16*J15 -> 0 | U16: =MATRIZ!C17 -> Mistura mineral | V16: 0.5 | X16: TOTAL | Y16: =V36 -> 100 | AC16: =$A$15 -> L-Triptofano | AD16: 82 | AE16: =AD16*V15 -> 12.3
A17: =MATRIZ!C18 -> Mistura vitamínica | B17: 0.1 | D17: EXIGE | E17: 100 | I17: =MATRIZ!C18 -> Mistura vitamínica | J17: 0.5 | L17: EXIGE | M17: 100 | Q17: =$A$16 -> Mistura mineral | R17: 3 | S17: =R17*J16 -> 1.5 | U17: =MATRIZ!C18 -> Mistura vitamínica | V17: 0.5 | X17: EXIGE | Y17: 100 | AC17: =$A$16 -> Mistura mineral | AD17: 3 | AE17: =AD17*V16 -> 1.5
A18: =MATRIZ!C19 -> Arroz, quirera | D18: FALTA | E18: =E17-E16 -> 0 | I18: =MATRIZ!C19 -> Arroz, quirera | L18: FALTA | M18: =M17-M16 -> 0 | Q18: =$A$17 -> Mistura vitamínica | R18: 3.8 | S18: =R18*J17 -> 1.9 | U18: =MATRIZ!C19 -> Arroz, quirera | X18: FALTA | Y18: =Y17-Y16 -> 0 | AC18: =$A$17 -> Mistura vitamínica | AD18: 3.8 | AE18: =AD18*V17 -> 1.9
A19: =MATRIZ!C20 -> Sorgo | I19: =MATRIZ!C20 -> Sorgo | Q19: =$A$18 -> Arroz, quirera | R19: 0.96 | S19: =R19*J18 -> 0 | U19: =MATRIZ!C20 -> Sorgo | AC19: =$A$18 -> Arroz, quirera | AD19: 0.96 | AE19: =AD19*V18 -> 0
A20: =MATRIZ!C21 -> Glúten de milho 21% | I20: =MATRIZ!C21 -> Glúten de milho 21% | J20: 4 | Q20: =$A$19 -> Sorgo | R20: 1 | S20: =R20*J19 -> 0 | U20: =MATRIZ!C21 -> Glúten de milho 21% | AC20: =$A$19 -> Sorgo | AD20: 1 | AE20: =AD20*V19 -> 0
A21: =MATRIZ!C22 -> Proteína isolada de soja | B21: 4 | I21: =MATRIZ!C22 -> Proteína isolada de soja | J21: 2.715 | Q21: =$A$20 -> Glúten de milho 21% | R21: 1.75 | S21: =R21*J20 -> 7 | U21: =MATRIZ!C22 -> Proteína isolada de soja | AC21: =$A$20 -> Glúten de milho 21% | AD21: 1.75 | AE21: =AD21*V20 -> 0
A22: =MATRIZ!C23 -> Farinha de carne e ossos(43%) | I22: =MATRIZ!C23 -> Farinha de carne e ossos(43%) | Q22: =$A$21 -> Proteína isolada de soja | R22: 8.5 | S22: =R22*J21 -> 23.0775 | U22: =MATRIZ!C23 -> Farinha de carne e ossos(43%) | V22: 49.95 | AC22: =$A$21 -> Proteína isolada de soja | AD22: 8.5 | AE22: =AD22*V21 -> 0
A23: =MATRIZ!C24 -> BHT | B23: 0.15 | I23: =MATRIZ!C24 -> BHT | J23: 0.15 | Q23: Inerte (Caulin) | R23: 0.15 | S23: =R23*J24 -> 0.0834 | U23: =MATRIZ!C24 -> BHT | V23: 0.15 | AC23: Inerte (Caulin) | AD23: 0.15 | AE23: =AD23*V24 -> 1.2195
A24: =MATRIZ!C25 -> Inerte (caulim) | B24: 2.841 | I24: =MATRIZ!C25 -> Inerte (caulim) | J24: 0.556 | Q24: Farelo de trigo | R24: 0.75 | S24: =R24*J25 -> 2.4375 | U24: =MATRIZ!C25 -> Inerte (caulim) | V24: 8.13 | AC24: Farelo de trigo | AD24: 0.75 | AE24: =AD24*V25 -> 0
A25: =MATRIZ!C26 -> Farelo de trigo | I25: =MATRIZ!C26 -> Farelo de trigo | J25: 3.25 | R25: Total | S25: =SUM(S6:S24) -> 216.30622 | U25: =MATRIZ!C26 -> Farelo de trigo | AC25: Farinha de carne e ossos | AD25: 2.5 | AE25: =AD25*V22 -> 124.875
A26: =MATRIZ!C27 -> 0 | I26: =MATRIZ!C27 -> 0 | U26: =MATRIZ!C27 -> 0 | AD26: Total | AE26: =SUM(AE6:AE25) -> 240.2612
A27: =MATRIZ!C28 -> 0 | I27: =MATRIZ!C28 -> 0 | U27: =MATRIZ!C28 -> 0
A28: =MATRIZ!C29 -> 0 | I28: =MATRIZ!C29 -> 0 | Q28: Olhar farelo de trigo na ABA 3 | U28: =MATRIZ!C29 -> 0
A29: =MATRIZ!C30 -> 0 | I29: =MATRIZ!C30 -> 0 | U29: =MATRIZ!C30 -> 0 | X29: Como os frangos são de estagio inicial de 1 a 7 dias optei por utilizar o premix vitaminico/mineral de 0,5% por conta do inicio dos animais | AC29: Olhar farelo de trigo na ABA 3
A30: =MATRIZ!C31 -> 0 | I30: =MATRIZ!C31 -> 0 | U30: =MATRIZ!C31 -> 0 | AC30: Olhar farinha de carne e ossos na ABA 3
A31: =MATRIZ!C32 -> 0 | I31: =MATRIZ!C32 -> 0 | U31: =MATRIZ!C32 -> 0
A32: =MATRIZ!C33 -> 0 | I32: =MATRIZ!C33 -> 0 | U32: =MATRIZ!C33 -> 0
A33: =MATRIZ!C34 -> 0 | I33: =MATRIZ!C34 -> 0 | L33: Como os frangos são de estagio inicial de 1 a 7 dias optei por utilizar o premix vitaminico/mineral de 0,5% por conta do inicio dos animais | U33: =MATRIZ!C34 -> 0
A34: =MATRIZ!C35 -> 0 | I34: =MATRIZ!C35 -> 0 | U34: =MATRIZ!C35 -> 0
A35: =MATRIZ!C36 -> 0 | I35: =MATRIZ!C36 -> 0 | U35: =MATRIZ!C36 -> 0
A36: TOTAL | B36: =SUM(B5:B35) -> 100 | I36: TOTAL | J36: =SUM(J5:J35) -> 100 | U36: TOTAL | V36: =SUM(V5:V35) -> 100
A37: EXIGE | B37: 100 | I37: EXIGE | J37: 100 | U37: EXIGE | V37: 100

Sheet PRECO DOS ADICIONADOS
O5: 30 KG | P5: 40
O6: 1 KG | P6: 0.75
P21: 1 Kg | Q21: 2.5
