Workbook

Sheet Circuitos
A1: SALA DE CULTIVO | B1: QUANTIDADE | C1: Ci | D1: P (W) | E1: I (A)
A2: Nebulizador | B2: 2 | C2: c1 | D2: 700 | E2: =D2/220 -> 3.1818182
A3: Nebulizador | B3: 3 | C3: c2 | D3: 1050 | E3: =D3/220 -> 4.7727273
A4: Exaustor | B4: 1 | C4: c3 | D4: 1120 | E4: =D4/220 -> 5.0909091
A5: Exaustor | B5: 1 | C5: c4 | D5: 1120 | E5: =D5/220 -> 5.0909091
A6: Exaustor | B6: 1 | C6: c5 | D6: 1120 | E6: =D6/220 -> 5.0909091
A7: Exaustor | B7: 1 | C7: c6 | D7: 1120 | E7: =D7/220 -> 5.0909091
A8: Exaustor | B8: 1 | C8: c7 | D8: 1120 | E8: =D8/220 -> 5.0909091
A9: Exaustor | B9: 1 | C9: c8 | D9: 1120 | E9: =D9/220 -> 5.0909091
A10: Termostato | B10: 1 | C10: c9 | D10: 1500 | E10: =D10/220 -> 6.8181818
A11: Tomada | B11: 1 | C11: c10 | D11: 2200 | E11: =D11/220 -> 10
A12: Tomada | B12: 1 | C12: c11 | D12: 2200 | E12: =D12/220 -> 10
A13: Tomada | B13: 1 | C13: c12 | D13: 2200 | E13: =D13/220 -> 10
... A15: Tomada | B15: 1 | C15: c14 | D15: 2200 | E15: =D15/220 -> 10
A16: CORRIDA MICELIAL
A17: Aquecedor | B17: 1 | C17: c15 | D17: 3000 | E17: =D17/220 -> 13.636364
A18: Aquecedor | B18: 1 | C18: c16 | D18: 3000 | E18: =D18/220 -> 13.636364
A19: Aquecedor | B19: 1 | C19: c17 | D19: 3000 | E19: =D19/220 -> 13.636364
A20: Aquecedor | B20: 1 | C20: c18 | D20: 3000 | E20: =D20/220 -> 13.636364
A21: Aquecedor | B21: 1 | C21: c19 | D21: 3000 | E21: =D21/220 -> 13.636364
A22: Umidificador | B22: 3 | C22: c20 | D22: 1350 | E22: =D22/220 -> 6.1363636
A23: Umidificador | B23: 2 | C23: c21 | D23: 900 | E23: =D23/220 -> 4.0909091
A24: Tomada | B24: 1 | C24: c22 | D24: 2200 | E24: =D24/220 -> 10
A25: Tomada | B25: 1 | C25: c23 | D25: 2200 | E25: =D25/220 -> 10
A26: Tomada | B26: 1 | C26: c24 | D26: 2200 | E26: =D26/220 -> 10
A27: Tomada | B27: 1 | C27: c25 | D27: 2200 | E27: =D27/220 -> 10
A28: LABORÁTORIO
A29: Fluxo laminar horizontal | B29: 2 | C29: c26 | D29: 1140 | E29: =D29/220 -> 5.1818182
A30: Autoclave | B30: 1 | C30: c27 | D30: 9000 | E30: =D30/220 -> 40.909091
A31: Autoclave | B31: 1 | C31: c28 | D31: 9000 | E31: =D31/220 -> 40.909091
A32: Autoclave | B32: 1 | C32: c29 | D32: 9000 | E32: =D32/220 -> 40.909091
A33: Autoclave | B33: 1 | C33: c30 | D33: 9000 | E33: =D33/220 -> 40.909091
A34: Estufa | B34: 1 | C34: c31 | D34: 4000 | E34: =D34/220 -> 18.181818
A35: Estufa | B35: 1 | C35: c32 | D35: 4000 | E35: =D35/220 -> 18.181818
A36: Estufa | B36: 1 | C36: c33 | D36: 4000 | E36: =D36/220 -> 18.181818
A37: Estufa | B37: 1 | C37: c34 | D37: 4000 | E37: =D37/220 -> 18.181818
A38: Destilador | B38: 1 | C38: c35 | D38: 70000 | E38: =D38/220 -> 318.18182
A39: Freezer | B39: 5 | C39: c36 | D39: 1080 | E39: =D39/220 -> 4.9090909
A40: Freezer | B40: 2 | C40: c37 | D40: 720 | E40: =D40/220 -> 3.2727273
... A58: Tomadas | B58: 1 | C58: c55 | D58: 2200 | E58: =D58/220 -> 10
A59: PREPARO DO SUBSTRATO
A60: Esteira | B60: 6 | C60: c56 | D60: 900 | E60: =D60/220 -> 4.0909091
A61: Misturador | B61: 1 | C61: c57 | D61: 10725 | E61: =D61/220 -> 48.75
A62: Misturador | B62: 1 | C62: c58 | D62: 10725 | E62: =D62/220 -> 48.75
A63: Misturador | B63: 1 | C63: c59 | D63: 10725 | E63: =D63/220 -> 48.75
A64: Misturador | B64: 1 | C64: c60 | D64: 10725 | E64: =D64/220 -> 48.75
A65: Misturador | B65: 1 | C65: c61 | D65: 10725 | E65: =D65/220 -> 48.75
A66: Misturador | B66: 1 | C66: c62 | D66: 10725 | E66: =D66/220 -> 48.75
A67: Ensacadeira | B67: 1 | C67: c63 | D67: 1000 | E67: =D67/220 -> 4.5454545
A68: Ensacadeira | B68: 1 | C68: c64 | D68: 1000 | E68: =D68/220 -> 4.5454545
A69: Ensacadeira | B69: 1 | C69: c65 | D69: 1000 | E69: =D69/220 -> 4.5454545
A70: Ensacadeira | B70: 1 | C70: c66 | D70: 1000 | E70: =D70/220 -> 4.5454545
A71: Ensacadeira | B71: 1 | C71: c67 | D71: 1000 | E71: =D71/220 -> 4.5454545
... A84: Tomadas | B84: 1 | C84: c80 | D84: 2200 | E84: =D84/220 -> 10
A85: PASTEURIZAÇÃO
A86: Pasteurizador | B86: 1 | C86: c81 | D86: 4000 | E86: =D86/220 -> 18.181818
A87: Pasteurizador | B87: 1 | C87: c82 | D87: 4000 | E87: =D87/220 -> 18.181818
A88: Pasteurizador | B88: 1 | C88: c83 | D88: 4000 | E88: =D88/220 -> 18.181818
A89: Pasteurizador | B89: 1 | C89: c84 | D89: 4000 | E89: =D89/220 -> 18.181818
A90: Pasteurizador | B90: 1 | C90: c85 | D90: 4000 | E90: =D90/220 -> 18.181818
A91: Pasteurizador | B91: 1 | C91: c86 | D91: 4000 | E91: =D91/220 -> 18.181818
A92: Pasteurizador | B92: 1 | C92: c87 | D92: 4000 | E92: =D92/220 -> 18.181818
A93: Pasteurizador | B93: 1 | C93: c88 | D93: 4000 | E93: =D93/220 -> 18.181818
A94: Pasteurizador | B94: 1 | C94: c89 | D94: 4000 | E94: =D94/220 -> 18.181818
A95: Pasteurizador | B95: 1 | C95: c90 | D95: 4000 | E95: =D95/220 -> 18.181818
A96: Pasteurizador | B96: 1 | C96: c91 | D96: 4000 | E96: =D96/220 -> 18.181818
A97: Pasteurizador | B97: 1 | C97: c92 | D97: 4000 | E97: =D97/220 -> 18.181818
... A105: Tomadas | B105: 1 | C105: c100 | D105: 2200 | E105: =D105/220 -> 10
A106: BENEFICIAMENTO
A107: Ar-condionado indutrial | B107: 1 | C107: c101 | D107: 72000 | E107: =D107/220 -> 327.27273
A108: Geladeira | B108: 3 | C108: c102 | D108: 1380 | E108: =D108/220 -> 6.2727273
A109: Geladeira | B109: 2 | C109: c103 | D109: 920 | E109: =D109/220 -> 4.1818182
A110: Esteira | B110: 5 | C110: c104 | D110: 750 | E110: =D110/220 -> 3.4090909
A111: Seladora a vácuo | B111: 1 | C111: c105 | D111: 1000 | E111: =D111/220 -> 4.5454545
A112: Seladora a vácuo | B112: 1 | C112: c106 | D112: 1000 | E112: =D112/220 -> 4.5454545
A113: Seladora a vácuo | B113: 1 | C113: c107 | D113: 1000 | E113: =D113/220 -> 4.5454545
A114: Seladora a vácuo | B114: 1 | C114: c108 | D114: 1000 | E114: =D114/220 -> 4.5454545
A115: Seladora a vácuo | B115: 1 | C115: c109 | D115: 1000 | E115: =D115/220 -> 4.5454545
A116: Triturador | B116: 1 | C116: c110 | D116: 2000 | E116: =D116/220 -> 9.0909091
A117: Triturador | B117: 1 | C117: c111 | D117: 2000 | E117: =D117/220 -> 9.0909091
A118: Triturador | B118: 1 | C118: c112 | D118: 2000 | E118: =D118/220 -> 9.0909091
... A129: Tomadas | B129: 1 | C129: c123 | D129: 2200 | E129: =D129/220 -> 10
A130: Pre-estoque
A131: Tomadas | B131: 1 | C131: c124 | D131: 2200 | E131: =D131/220 -> 10
A132: Tomadas | B132: 1 | C132: c125 | D132: 2200 | E132: =D132/220 -> 10
A133: Tomadas | B133: 1 | C133: c126 | D133: 2200 | E133: =D133/220 -> 10
A134: Tomadas | B134: 1 | C134: c127 | D134: 2200 | E134: =D134/220 -> 10
A135: Tomadas | B135: 1 | C135: c128 | D135: 2200 | E135: =D135/220 -> 10
A136: Tomadas | B136: 1 | C136: c129 | D136: 2200 | E136: =D136/220 -> 10
A137: Ar-condionado | B137: 1 | C137: c130 | D137: 8736 | E137: =D137/220 -> 39.709091
A138: Estoque
A139: Ar-condionado | B139: 1 | C139: c131 | D139: 8736 | E139: =D139/220 -> 39.709091
A140: Tomadas | B140: 1 | C140: c132 | D140: 2200 | E140: =D140/220 -> 10
A141: Tomadas | B141: 1 | C141: c133 | D141: 2200 | E141: =D141/220 -> 10
A142: Tomadas | B142: 1 | C142: c134 | D142: 2200 | E142: =D142/220 -> 10
A143: Tomadas | B143: 1 | C143: c135 | D143: 2200 | E143: =D143/220 -> 10
A144: Tomadas | B144: 1 | C144: c136 | D144: 2200 | E144: =D144/220 -> 10
A145: Tomadas | B145: 1 | C145: c137 | D145: 2200 | E145: =D145/220 -> 10
A146: Tomadas | B146: 1 | C146: c138 | D146: 2200 | E146: =D146/220 -> 10
A147: Tomadas | B147: 1 | C147: c139 | D147: 2200 | E147: =D147/220 -> 10
...

Sheet Metodo 1
A1: SALA DE CULTIVO | B1: QUANTIDADE | C1: MÉTODO | D1: Ci | E1: P (W) | F1: I (A) | G1: Ø (nn^2) | H1: Ø neutro | I1: Ø terra | J1: Disjuntor
A2: Nebulizador | B2: 2 | C2: B1 | D2: c1 | E2: 700 | F2: =E2/220 -> 3.1818182 | G2: 2.5 | H2: 2.5 | I2: 2.5 | J2: 6
A3: Nebulizador | B3: 3 | C3: B1 | D3: c2 | E3: 1050 | F3: =E3/220 -> 4.7727273 | G3: 2.5 | H3: 2.5 | I3: 2.5 | J3: 6
A4: Exaustor | B4: 1 | C4: B1 | D4: c3 | E4: 1120 | F4: =E4/220 -> 5.0909091 | G4: 2.5 | H4: 2.5 | I4: 2.5 | J4: 6
A5: Exaustor | B5: 1 | C5: B1 | D5: c4 | E5: 1120 | F5: =E5/220 -> 5.0909091 | G5: 2.5 | H5: 2.5 | I5: 2.5 | J5: 6
A6: Exaustor | B6: 1 | C6: B1 | D6: c5 | E6: 1120 | F6: =E6/220 -> 5.0909091 | G6: 2.5 | H6: 2.5 | I6: 2.5 | J6: 6
A7: Exaustor | B7: 1 | C7: B1 | D7: c6 | E7: 1120 | F7: =E7/220 -> 5.0909091 | G7: 2.5 | H7: 2.5 | I7: 2.5 | J7: 6
A8: Exaustor | B8: 1 | C8: B1 | D8: c7 | E8: 1120 | F8: =E8/220 -> 5.0909091 | G8: 2.5 | H8: 2.5 | I8: 2.5 | J8: 6
A9: Exaustor | B9: 1 | C9: B1 | D9: c8 | E9: 1120 | F9: =E9/220 -> 5.0909091 | G9: 2.5 | H9: 2.5 | I9: 2.5 | J9: 6
A10: Termostato | B10: 1 | C10: B1 | D10: c9 | E10: 1500 | F10: =E10/220 -> 6.8181818 | G10: 2.5 | H10: 2.5 | I10: 2.5 | J10: 10
A11: Tomada | B11: 1 | C11: B1 | D11: c10 | E11: 2200 | F11: =E11/220 -> 10 | G11: 2.5 | H11: 2.5 | I11: 2.5 | J11: 12
A12: Tomada | B12: 1 | C12: B1 | D12: c11 | E12: 2200 | F12: =E12/220 -> 10 | G12: 2.5 | H12: 2.5 | I12: 2.5 | J12: 12
A13: Tomada | B13: 1 | C13: B1 | D13: c12 | E13: 2200 | F13: =E13/220 -> 10 | G13: 2.5 | H13: 2.5 | I13: 2.5 | J13: 12
... A15: Tomada | B15: 1 | C15: B1 | D15: c14 | E15: 2200 | F15: =E15/220 -> 10 | G15: 2.5 | H15: 2.5 | I15: 2.5 | J15: 12
A18: CORRIDA MICELIAL | B18: QUANTIDADE | C18: MÉTODO | D18: Ci | E18: P (W) | F18: I (A) | G18: Ø (nn^2) | H18: Ø neutro | I18: Ø terra | J18: Disjuntor
A19: Aquecedor | B19: 1 | C19: B1 | D19: c15 | E19: 3000 | F19: =E19/220 -> 13.636364 | G19: 2.5 | H19: 2.5 | I19: 2.5 | J19: 15
A20: Aquecedor | B20: 1 | C20: B1 | D20: c16 | E20: 3000 | F20: =E20/220 -> 13.636364 | G20: 2.5 | H20: 2.5 | I20: 2.5 | J20: 15
A21: Aquecedor | B21: 1 | C21: B1 | D21: c17 | E21: 3000 | F21: =E21/220 -> 13.636364 | G21: 2.5 | H21: 2.5 | I21: 2.5 | J21: 15
A22: Aquecedor | B22: 1 | C22: B1 | D22: c18 | E22: 3000 | F22: =E22/220 -> 13.636364 | G22: 2.5 | H22: 2.5 | I22: 2.5 | J22: 15
A23: Aquecedor | B23: 1 | C23: B1 | D23: c19 | E23: 3000 | F23: =E23/220 -> 13.636364 | G23: 2.5 | H23: 2.5 | I23: 2.5 | J23: 15
A24: Umidificador | B24: 3 | C24: B1 | D24: c20 | E24: 1350 | F24: =E24/220 -> 6.1363636 | G24: 2.5 | H24: 2.5 | I24: 2.5 | J24: 10
A25: Umidificador | B25: 2 | C25: B1 | D25: c21 | E25: 900 | F25: =E25/220 -> 4.0909091 | G25: 2.5 | H25: 2.5 | I25: 2.5 | J25: 6
A26: Tomada | B26: 1 | C26: B1 | D26: c22 | E26: 2200 | F26: =E26/220 -> 10 | G26: 2.5 | H26: 2.5 | I26: 2.5 | J26: 12
A27: Tomada | B27: 1 | C27: B1 | D27: c23 | E27: 2200 | F27: =E27/220 -> 10 | G27: 2.5 | H27: 2.5 | I27: 2.5 | J27: 12
A28: Tomada | B28: 1 | C28: B1 | D28: c24 | E28: 2200 | F28: =E28/220 -> 10 | G28: 2.5 | H28: 2.5 | I28: 2.5 | J28: 12
A29: Tomada | B29: 1 | C29: B1 | D29: c25 | E29: 2200 | F29: =E29/220 -> 10 | G29: 2.5 | H29: 2.5 | I29: 2.5 | J29: 12
A32: LABORÁTORIO | B32: QUANTIDADE | C32: MÉTODO | D32: Ci | E32: P (W) | F32: I (A) | G32: Ø (nn^2) | H32: Ø neutro | I32: Ø terra | J32: Disjuntor
A33: Fluxo laminar horizontal | B33: 2 | C33: B1 | D33: c26 | E33: 1140 | F33: =E33/220 -> 5.1818182 | G33: 2.5 | H33: 2.5 | I33: 2.5 | J33: 6
A34: Autoclave | B34: 1 | C34: B1 | D34: c27 | E34: 9000 | F34: =E34/220 -> 40.909091 | G34: 2.5 | H34: 2.5 | I34: 2.5 | J34: 50
A35: Autoclave | B35: 1 | C35: B1 | D35: c28 | E35: 9000 | F35: =E35/220 -> 40.909091 | G35: 2.5 | H35: 2.5 | I35: 2.5 | J35: 50
A36: Autoclave | B36: 1 | C36: B1 | D36: c29 | E36: 9000 | F36: =E36/220 -> 40.909091 | G36: 2.5 | H36: 2.5 | I36: 2.5 | J36: 50
A37: Autoclave | B37: 1 | C37: B1 | D37: c30 | E37: 9000 | F37: =E37/220 -> 40.909091 | G37: 2.5 | H37: 2.5 | I37: 2.5 | J37: 50
A38: Estufa | B38: 1 | C38: B1 | D38: c31 | E38: 4000 | F38: =E38/220 -> 18.181818 | G38: 2.5 | H38: 2.5 | I38: 2.5 | J38: 20
A39: Estufa | B39: 1 | C39: B1 | D39: c32 | E39: 4000 | F39: =E39/220 -> 18.181818 | G39: 2.5 | H39: 2.5 | I39: 2.5 | J39: 20
A40: Estufa | B40: 1 | C40: B1 | D40: c33 | E40: 4000 | F40: =E40/220 -> 18.181818 | G40: 2.5 | H40: 2.5 | I40: 2.5 | J40: 20
A41: Estufa | B41: 1 | C41: B1 | D41: c34 | E41: 4000 | F41: =E41/220 -> 18.181818 | G41: 2.5 | H41: 2.5 | I41: 2.5 | J41: 20
A42: Destilador | B42: 1 | C42: B1 | D42: c35 | E42: 70000 | F42: =E42/220 -> 318.18182 | G42: 2.5 | H42: 2.5 | I42: 2.5 | J42: 320
A43: Freezer | B43: 5 | C43: B1 | D43: c36 | E43: 1080 | F43: =E43/220 -> 4.9090909 | G43: 2.5 | H43: 2.5 | I43: 2.5 | J43: 6
A44: Freezer | B44: 2 | C44: B1 | D44: c37 | E44: 720 | F44: =E44/220 -> 3.2727273 | G44: 2.5 | H44: 2.5 | I44: 2.5 | J44: 6
... A62: Tomadas | B62: 1 | C62: B1 | D62: c55 | E62: 2200 | F62: =E62/220 -> 10 | G62: 2.5 | H62: 2.5 | I62: 2.5 | J62: 12
A65: PREPARO DO SUBSTRATO | B65: QUANTIDADE | C65: MÉTODO | D65: Ci | E65: P (W) | F65: I (A) | G65: Ø (nn^2) | H65: Ø neutro | I65: Ø terra | J65: Disjuntor
A66: Esteira | B66: 6 | C66: B1 | D66: c56 | E66: 900 | F66: =E66/220 -> 4.0909091 | G66: 2.5 | H66: 2.5 | I66: 2.5 | J66: 6
A67: Misturador | B67: 1 | C67: B1 | D67: c57 | E67: 10725 | F67: =E67/220 -> 48.75 | G67: 2.5 | H67: 2.5 | I67: 2.5 | J67: 50
A68: Misturador | B68: 1 | C68: B1 | D68: c58 | E68: 10725 | F68: =E68/220 -> 48.75 | G68: 2.5 | H68: 2.5 | I68: 2.5 | J68: 50
A69: Misturador | B69: 1 | C69: B1 | D69: c59 | E69: 10725 | F69: =E69/220 -> 48.75 | G69: 2.5 | H69: 2.5 | I69: 2.5 | J69: 50
A70: Misturador | B70: 1 | C70: B1 | D70: c60 | E70: 10725 | F70: =E70/220 -> 48.75 | G70: 2.5 | H70: 2.5 | I70: 2.5 | J70: 50
A71: Misturador | B71: 1 | C71: B1 | D71: c61 | E71: 10725 | F71: =E71/220 -> 48.75 | G71: 2.5 | H71: 2.5 | I71: 2.5 | J71: 50
A72: Misturador | B72: 1 | C72: B1 | D72: c62 | E72: 10725 | F72: =E72/220 -> 48.75 | G72: 2.5 | H72: 2.5 | I72: 2.5 | J72: 50
A73: Ensacadeira | B73: 1 | C73: B1 | D73: c63 | E73: 1000 | F73: =E73/220 -> 4.5454545 | G73: 2.5 | H73: 2.5 | I73: 2.5 | J73: 6
A74: Ensacadeira | B74: 1 | C74: B1 | D74: c64 | E74: 1000 | F74: =E74/220 -> 4.5454545 | G74: 2.5 | H74: 2.5 | I74: 2.5 | J74: 6
A75: Ensacadeira | B75: 1 | C75: B1 | D75: c65 | E75: 1000 | F75: =E75/220 -> 4.5454545 | G75: 2.5 | H75: 2.5 | I75: 2.5 | J75: 6
A76: Ensacadeira | B76: 1 | C76: B1 | D76: c66 | E76: 1000 | F76: =E76/220 -> 4.5454545 | G76: 2.5 | H76: 2.5 | I76: 2.5 | J76: 6
A77: Ensacadeira | B77: 1 | C77: B1 | D77: c67 | E77: 1000 | F77: =E77/220 -> 4.5454545 | G77: 2.5 | H77: 2.5 | I77: 2.5 | J77: 6
... A90: Tomadas | B90: 1 | C90: B1 | D90: c80 | E90: 2200 | F90: =E90/220 -> 10 | G90: 2.5 | H90: 2.5 | I90: 2.5 | J90: 12
A93: PASTEURIZAÇÃO | B93: QUANTIDADE | C93: MÉTODO | D93: Ci | E93: P (W) | F93: I (A) | G93: Ø (nn^2) | H93: Ø neutro | I93: Ø terra | J93: Disjuntor
A94: Pasteurizador | B94: 1 | C94: B1 | D94: c81 | E94: 4000 | F94: =E94/220 -> 18.181818 | G94: 2.5 | H94: 2.5 | I94: 2.5 | J94: 20
A95: Pasteurizador | B95: 1 | C95: B1 | D95: c82 | E95: 4000 | F95: =E95/220 -> 18.181818 | G95: 2.5 | H95: 2.5 | I95: 2.5 | J95: 20
A96: Pasteurizador | B96: 1 | C96: B1 | D96: c83 | E96: 4000 | F96: =E96/220 -> 18.181818 | G96: 2.5 | H96: 2.5 | I96: 2.5 | J96: 20
A97: Pasteurizador | B97: 1 | C97: B1 | D97: c84 | E97: 4000 | F97: =E97/220 -> 18.181818 | G97: 2.5 | H97: 2.5 | I97: 2.5 | J97: 20
A98: Pasteurizador | B98: 1 | C98: B1 | D98: c85 | E98: 4000 | F98: =E98/220 -> 18.181818 | G98: 2.5 | H98: 2.5 | I98: 2.5 | J98: 20
A99: Pasteurizador | B99: 1 | C99: B1 | D99: c86 | E99: 4000 | F99: =E99/220 -> 18.181818 | G99: 2.5 | H99: 2.5 | I99: 2.5 | J99: 20
A100: Pasteurizador | B100: 1 | C100: B1 | D100: c87 | E100: 4000 | F100: =E100/220 -> 18.181818 | G100: 2.5 | H100: 2.5 | I100: 2.5 | J100: 20
A101: Pasteurizador | B101: 1 | C101: B1 | D101: c88 | E101: 4000 | F101: =E101/220 -> 18.181818 | G101: 2.5 | H101: 2.5 | I101: 2.5 | J101: 20
A102: Pasteurizador | B102: 1 | C102: B1 | D102: c89 | E102: 4000 | F102: =E102/220 -> 18.181818 | G102: 2.5 | H102: 2.5 | I102: 2.5 | J102: 20
A103: Pasteurizador | B103: 1 | C103: B1 | D103: c90 | E103: 4000 | F103: =E103/220 -> 18.181818 | G103: 2.5 | H103: 2.5 | I103: 2.5 | J103: 20
A104: Pasteurizador | B104: 1 | C104: B1 | D104: c91 | E104: 4000 | F104: =E104/220 -> 18.181818 | G104: 2.5 | H104: 2.5 | I104: 2.5 | J104: 20
A105: Pasteurizador | B105: 1 | C105: B1 | D105: c92 | E105: 4000 | F105: =E105/220 -> 18.181818 | G105: 2.5 | H105: 2.5 | I105: 2.5 | J105: 20
... A113: Tomadas | B113: 1 | C113: B1 | D113: c100 | E113: 2200 | F113: =E113/220 -> 10 | G113: 2.5 | H113: 2.5 | I113: 2.5 | J113: 12
A116: BENEFICIAMENTO | B116: QUANTIDADE | C116: MÉTODO | D116: Ci | E116: P (W) | F116: I (A) | G116: Ø (nn^2) | H116: Ø neutro | I116: Ø terra | J116: Disjuntor
A117: Ar-condionado indutrial | B117: 1 | C117: B1 | D117: c101 | E117: 72000 | F117: =E117/220 -> 327.27273 | G117: 2.5 | H117: 2.5 | I117: 2.5 | J117: 350
A118: Geladeira | B118: 3 | C118: B1 | D118: c102 | E118: 1380 | F118: =E118/220 -> 6.2727273 | G118: 2.5 | H118: 2.5 | I118: 2.5 | J118: 10
A119: Geladeira | B119: 2 | C119: B1 | D119: c103 | E119: 920 | F119: =E119/220 -> 4.1818182 | G119: 2.5 | H119: 2.5 | I119: 2.5 | J119: 6
A120: Esteira | B120: 5 | C120: B1 | D120: c104 | E120: 750 | F120: =E120/220 -> 3.4090909 | G120: 2.5 | H120: 2.5 | I120: 2.5 | J120: 6
A121: Seladora a vácuo | B121: 1 | C121: B1 | D121: c105 | E121: 1000 | F121: =E121/220 -> 4.5454545 | G121: 2.5 | H121: 2.5 | I121: 2.5 | J121: 6
A122: Seladora a vácuo | B122: 1 | C122: B1 | D122: c106 | E122: 1000 | F122: =E122/220 -> 4.5454545 | G122: 2.5 | H122: 2.5 | I122: 2.5 | J122: 6
A123: Seladora a vácuo | B123: 1 | C123: B1 | D123: c107 | E123: 1000 | F123: =E123/220 -> 4.5454545 | G123: 2.5 | H123: 2.5 | I123: 2.5 | J123: 6
A124: Seladora a vácuo | B124: 1 | C124: B1 | D124: c108 | E124: 1000 | F124: =E124/220 -> 4.5454545 | G124: 2.5 | H124: 2.5 | I124: 2.5 | J124: 6
A125: Seladora a vácuo | B125: 1 | C125: B1 | D125: c109 | E125: 1000 | F125: =E125/220 -> 4.5454545 | G125: 2.5 | H125: 2.5 | I125: 2.5 | J125: 6
A126: Triturador | B126: 1 | C126: B1 | D126: c110 | E126: 2000 | F126: =E126/220 -> 9.0909091 | G126: 2.5 | H126: 2.5 | I126: 2.5 | J126: 10
A127: Triturador | B127: 1 | C127: B1 | D127: c111 | E127: 2000 | F127: =E127/220 -> 9.0909091 | G127: 2.5 | H127: 2.5 | I127: 2.5 | J127: 10
A128: Triturador | B128: 1 | C128: B1 | D128: c112 | E128: 2000 | F128: =E128/220 -> 9.0909091 | G128: 2.5 | H128: 2.5 | I128: 2.5 | J128: 10
... A139: Tomadas | B139: 1 | C139: B1 | D139: c123 | E139: 2200 | F139: =E139/220 -> 10 | G139: 2.5 | H139: 2.5 | I139: 2.5 | J139: 12
A142: Pre-estoque | B142: QUANTIDADE | C142: MÉTODO | D142: Ci | E142: P (W) | F142: I (A) | G142: Ø (nn^2) | H142: Ø neutro | I142: Ø terra | J142: Disjuntor
A143: Tomadas | B143: 1 | C143: B1 | D143: c124 | E143: 2200 | F143: =E143/220 -> 10 | G143: 2.5 | H143: 2.5 | I143: 2.5 | J143: 12
A144: Tomadas | B144: 1 | C144: B1 | D144: c125 | E144: 2200 | F144: =E144/220 -> 10 | G144: 2.5 | H144: 2.5 | I144: 2.5 | J144: 12
A145: Tomadas | B145: 1 | C145: B1 | D145: c126 | E145: 2200 | F145: =E145/220 -> 10 | G145: 2.5 | H145: 2.5 | I145: 2.5 | J145: 12
A146: Tomadas | B146: 1 | C146: B1 | D146: c127 | E146: 2200 | F146: =E146/220 -> 10 | G146: 2.5 | H146: 2.5 | I146: 2.5 | J146: 12
A147: Tomadas | B147: 1 | C147: B1 | D147: c128 | E147: 2200 | F147: =E147/220 -> 10 | G147: 2.5 | H147: 2.5 | I147: 2.5 | J147: 12
A148: Tomadas | B148: 1 | C148: B1 | D148: c129 | E148: 2200 | F148: =E148/220 -> 10 | G148: 2.5 | H148: 2.5 | I148: 2.5 | J148: 12
A149: Ar-condionado | B149: 1 | C149: B1 | D149: c130 | E149: 8736 | F149: =E149/220 -> 39.709091 | G149: 2.5 | H149: 2.5 | I149: 2.5 | J149: 50
A152: Estoque | B152: QUANTIDADE | C152: MÉTODO | D152: Ci | E152: P (W) | F152: I (A) | G152: Ø (nn^2) | H152: Ø neutro | I152: Ø terra | J152: Disjuntor
A153: Ar-condionado | B153: 1 | C153: B1 | D153: c131 | E153: 8736 | F153: =E153/220 -> 39.709091 | G153: 2.5 | H153: 2.5 | I153: 2.5 | J153: 50
A154: Tomadas | B154: 1 | C154: B1 | D154: c132 | E154: 2200 | F154: =E154/220 -> 10 | G154: 2.5 | H154: 2.5 | I154: 2.5 | J154: 12
A155: Tomadas | B155: 1 | C155: B1 | D155: c133 | E155: 2200 | F155: =E155/220 -> 10 | G155: 2.5 | H155: 2.5 | I155: 2.5 | J155: 12
A156: Tomadas | B156: 1 | C156: B1 | D156: c134 | E156: 2200 | F156: =E156/220 -> 10 | G156: 2.5 | H156: 2.5 | I156: 2.5 | J156: 12
A157: Tomadas | B157: 1 | C157: B1 | D157: c135 | E157: 2200 | F157: =E157/220 -> 10 | G157: 2.5 | H157: 2.5 | I157: 2.5 | J157: 12
A158: Tomadas | B158: 1 | C158: B1 | D158: c136 | E158: 2200 | F158: =E158/220 -> 10 | G158: 2.5 | H158: 2.5 | I158: 2.5 | J158: 12
A159: Tomadas | B159: 1 | C159: B1 | D159: c137 | E159: 2200 | F159: =E159/220 -> 10 | G159: 2.5 | H159: 2.5 | I159: 2.5 | J159: 12
A160: Tomadas | B160: 1 | C160: B1 | D160: c138 | E160: 2200 | F160: =E160/220 -> 10 | G160: 2.5 | H160: 2.5 | I160: 2.5 | J160: 12
A161: Tomadas | B161: 1 | C161: B1 | D161: c139 | E161: 2200 | F161: =E161/220 -> 10 | G161: 2.5 | H161: 2.5 | I161: 2.5 | J161: 12
...

Sheet Metodo 2
A1: SALA DE CULTIVO | B1: QUANTIDADE | C1: MÉTODO | D1: Numero de Condutores carregados | E1: Ci | F1: P (W) | G1: I (A) | H1: Ø (nn^2) | I1: Ø neutro | J1: Ø terra | K1: Disjuntor
A2: Nebulizador | B2: 2 | C2: B1 | D2: 2 | E2: c1 | F2: 700 | G2: =F2/220 -> 3.1818182 | H2: 1.5 | I2: 1.5 | J2: 1.5 | K2: 6
A3: Nebulizador | B3: 3 | C3: B1 | D3: 2 | E3: c2 | F3: 1050 | G3: =F3/220 -> 4.7727273 | H3: 1.5 | I3: 1.5 | J3: 1.5 | K3: 6
A4: Exaustor | B4: 1 | C4: B1 | D4: 2 | E4: c3 | F4: 1120 | G4: =F4/220 -> 5.0909091 | H4: 1.5 | I4: 1.5 | J4: 1.5 | K4: 6
A5: Exaustor | B5: 1 | C5: B1 | D5: 2 | E5: c4 | F5: 1120 | G5: =F5/220 -> 5.0909091 | H5: 1.5 | I5: 1.5 | J5: 1.5 | K5: 6
A6: Exaustor | B6: 1 | C6: B1 | D6: 2 | E6: c5 | F6: 1120 | G6: =F6/220 -> 5.0909091 | H6: 1.5 | I6: 1.5 | J6: 1.5 | K6: 6
A7: Exaustor | B7: 1 | C7: B1 | D7: 2 | E7: c6 | F7: 1120 | G7: =F7/220 -> 5.0909091 | H7: 1.5 | I7: 1.5 | J7: 1.5 | K7: 6
A8: Exaustor | B8: 1 | C8: B1 | D8: 2 | E8: c7 | F8: 1120 | G8: =F8/220 -> 5.0909091 | H8: 1.5 | I8: 1.5 | J8: 1.5 | K8: 6
A9: Exaustor | B9: 1 | C9: B1 | D9: 2 | E9: c8 | F9: 1120 | G9: =F9/220 -> 5.0909091 | H9: 1.5 | I9: 1.5 | J9: 1.5 | K9: 6
A10: Termostato | B10: 1 | C10: B1 | D10: 2 | E10: c9 | F10: 1500 | G10: =F10/220 -> 6.8181818 | H10: 1.5 | I10: 1.5 | J10: 1.5 | K10: 10
A11: Tomada | B11: 1 | C11: B1 | D11: 2 | E11: c10 | F11: 2200 | G11: =F11/220 -> 10 | H11: 1.5 | I11: 1.5 | J11: 1.5 | K11: 12
A12: Tomada | B12: 1 | C12: B1 | D12: 2 | E12: c11 | F12: 2200 | G12: =F12/220 -> 10 | H12: 1.5 | I12: 1.5 | J12: 1.5 | K12: 12
A13: Tomada | B13: 1 | C13: B1 | D13: 2 | E13: c12 | F13: 2200 | G13: =F13/220 -> 10 | H13: 1.5 | I13: 1.5 | J13: 1.5 | K13: 12
... A15: Tomada | B15: 1 | C15: B1 | D15: 2 | E15: c14 | F15: 2200 | G15: =F15/220 -> 10 | H15: 1.5 | I15: 1.5 | J15: 1.5 | K15: 12
A18: CORRIDA MICELIAL | B18: QUANTIDADE | C18: MÉTODO | D18: Numero de Condutores carregados | E18: Ci | F18: P (W) | G18: I (A) | H18: Ø (nn^2) | I18: Ø neutro | J18: Ø terra | K18: Disjuntor
A19: Aquecedor | B19: 1 | C19: B1 | D19: 2 | E19: c15 | F19: 3000 | G19: =F19/220 -> 13.636364 | H19: 1.5 | I19: 1.5 | J19: 1.5 | K19: 15
A20: Aquecedor | B20: 1 | C20: B1 | D20: 2 | E20: c16 | F20: 3000 | G20: =F20/220 -> 13.636364 | H20: 1.5 | I20: 1.5 | J20: 1.5 | K20: 15
A21: Aquecedor | B21: 1 | C21: B1 | D21: 2 | E21: c17 | F21: 3000 | G21: =F21/220 -> 13.636364 | H21: 1.5 | I21: 1.5 | J21: 1.5 | K21: 15
A22: Aquecedor | B22: 1 | C22: B1 | D22: 2 | E22: c18 | F22: 3000 | G22: =F22/220 -> 13.636364 | H22: 1.5 | I22: 1.5 | J22: 1.5 | K22: 15
A23: Aquecedor | B23: 1 | C23: B1 | D23: 2 | E23: c19 | F23: 3000 | G23: =F23/220 -> 13.636364 | H23: 1.5 | I23: 1.5 | J23: 1.5 | K23: 15
A24: Umidificador | B24: 3 | C24: B1 | D24: 2 | E24: c20 | F24: 1350 | G24: =F24/220 -> 6.1363636 | H24: 1.5 | I24: 1.5 | J24: 1.5 | K24: 10
A25: Umidificador | B25: 2 | C25: B1 | D25: 2 | E25: c21 | F25: 900 | G25: =F25/220 -> 4.0909091 | H25: 1.5 | I25: 1.5 | J25: 1.5 | K25: 6
A26: Tomada | B26: 1 | C26: B1 | D26: 2 | E26: c22 | F26: 2200 | G26: =F26/220 -> 10 | H26: 1.5 | I26: 1.5 | J26: 1.5 | K26: 12
A27: Tomada | B27: 1 | C27: B1 | D27: 2 | E27: c23 | F27: 2200 | G27: =F27/220 -> 10 | H27: 1.5 | I27: 1.5 | J27: 1.5 | K27: 12
A28: Tomada | B28: 1 | C28: B1 | D28: 2 | E28: c24 | F28: 2200 | G28: =F28/220 -> 10 | H28: 1.5 | I28: 1.5 | J28: 1.5 | K28: 12
A29: Tomada | B29: 1 | C29: B1 | D29: 2 | E29: c25 | F29: 2200 | G29: =F29/220 -> 10 | H29: 1.5 | I29: 1.5 | J29: 1.5 | K29: 12
A32: LABORÁTORIO | B32: QUANTIDADE | C32: MÉTODO | D32: Numero de Condutores carregados | E32: Ci | F32: P (W) | G32: I (A) | H32: Ø (nn^2) | I32: Ø neutro | J32: Ø terra | K32: Disjuntor
A33: Fluxo laminar horizontal | B33: 2 | C33: B1 | D33: 2 | E33: c26 | F33: 1140 | G33: =F33/220 -> 5.1818182 | H33: 1.5 | I33: 1.5 | J33: 1.5 | K33: 6
A34: Autoclave | B34: 1 | C34: B1 | D34: 2 | E34: c27 | F34: 9000 | G34: =F34/220 -> 40.909091 | H34: 10 | I34: 10 | J34: 10 | K34: 50
A35: Autoclave | B35: 1 | C35: B1 | D35: 2 | E35: c28 | F35: 9000 | G35: =F35/220 -> 40.909091 | H35: 10 | I35: 10 | J35: 10 | K35: 50
A36: Autoclave | B36: 1 | C36: B1 | D36: 2 | E36: c29 | F36: 9000 | G36: =F36/220 -> 40.909091 | H36: 10 | I36: 10 | J36: 10 | K36: 50
A37: Autoclave | B37: 1 | C37: B1 | D37: 2 | E37: c30 | F37: 9000 | G37: =F37/220 -> 40.909091 | H37: 10 | I37: 10 | J37: 10 | K37: 50
A38: Estufa | B38: 1 | C38: B1 | D38: 2 | E38: c31 | F38: 4000 | G38: =F38/220 -> 18.181818 | H38: 2.5 | I38: 2.5 | J38: 2.5 | K38: 20
A39: Estufa | B39: 1 | C39: B1 | D39: 2 | E39: c32 | F39: 4000 | G39: =F39/220 -> 18.181818 | H39: 2.5 | I39: 2.5 | J39: 2.5 | K39: 20
A40: Estufa | B40: 1 | C40: B1 | D40: 2 | E40: c33 | F40: 4000 | G40: =F40/220 -> 18.181818 | H40: 2.5 | I40: 2.5 | J40: 2.5 | K40: 20
A41: Estufa | B41: 1 | C41: B1 | D41: 2 | E41: c34 | F41: 4000 | G41: =F41/220 -> 18.181818 | H41: 2.5 | I41: 2.5 | J41: 2.5 | K41: 20
A42: Destilador | B42: 1 | C42: B1 | D42: 2 | E42: c35 | F42: 70000 | G42: =F42/220 -> 318.18182 | H42: 185 | I42: 95 | J42: 95 | K42: 320
A43: Freezer | B43: 5 | C43: B1 | D43: 2 | E43: c36 | F43: 1080 | G43: =F43/220 -> 4.9090909 | H43: 1.5 | I43: 1.5 | J43: 1.5 | K43: 6
A44: Freezer | B44: 2 | C44: B1 | D44: 2 | E44: c37 | F44: 720 | G44: =F44/220 -> 3.2727273 | H44: 1.5 | I44: 1.5 | J44: 1.5 | K44: 6
... A62: Tomadas | B62: 1 | C62: B1 | D62: 2 | E62: c55 | F62: 2200 | G62: =F62/220 -> 10 | H62: 1.5 | I62: 1.5 | J62: 1.5 | K62: 12
A65: PREPARO DO SUBSTRATO | B65: QUANTIDADE | C65: MÉTODO | D65: Numero de Condutores carregados | E65: Ci | F65: P (W) | G65: I (A) | H65: Ø (nn^2) | I65: Ø neutro | J65: Ø terra | K65: Disjuntor
A66: Esteira | B66: 6 | C66: B1 | D66: 2 | E66: c56 | F66: 900 | G66: =F66/220 -> 4.0909091 | H66: 1.5 | I66: 1.5 | J66: 1.5 | K66: 6
A67: Misturador | B67: 1 | C67: B1 | D67: 2 | E67: c57 | F67: 10725 | G67: =F67/220 -> 48.75 | H67: 10 | I67: 10 | J67: 10 | K67: 50
A68: Misturador | B68: 1 | C68: B1 | D68: 2 | E68: c58 | F68: 10725 | G68: =F68/220 -> 48.75 | H68: 10 | I68: 10 | J68: 10 | K68: 50
A69: Misturador | B69: 1 | C69: B1 | D69: 2 | E69: c59 | F69: 10725 | G69: =F69/220 -> 48.75 | H69: 10 | I69: 10 | J69: 10 | K69: 50
A70: Misturador | B70: 1 | C70: B1 | D70: 2 | E70: c60 | F70: 10725 | G70: =F70/220 -> 48.75 | H70: 10 | I70: 10 | J70: 10 | K70: 50
A71: Misturador | B71: 1 | C71: B1 | D71: 2 | E71: c61 | F71: 10725 | G71: =F71/220 -> 48.75 | H71: 10 | I71: 10 | J71: 10 | K71: 50
A72: Misturador | B72: 1 | C72: B1 | D72: 2 | E72: c62 | F72: 10725 | G72: =F72/220 -> 48.75 | H72: 10 | I72: 10 | J72: 10 | K72: 50
A73: Ensacadeira | B73: 1 | C73: B1 | D73: 2 | E73: c63 | F73: 1000 | G73: =F73/220 -> 4.5454545 | H73: 1.5 | I73: 1.5 | J73: 1.5 | K73: 6
A74: Ensacadeira | B74: 1 | C74: B1 | D74: 2 | E74: c64 | F74: 1000 | G74: =F74/220 -> 4.5454545 | H74: 1.5 | I74: 1.5 | J74: 1.5 | K74: 6
A75: Ensacadeira | B75: 1 | C75: B1 | D75: 2 | E75: c65 | F75: 1000 | G75: =F75/220 -> 4.5454545 | H75: 1.5 | I75: 1.5 | J75: 1.5 | K75: 6
A76: Ensacadeira | B76: 1 | C76: B1 | D76: 2 | E76: c66 | F76: 1000 | G76: =F76/220 -> 4.5454545 | H76: 1.5 | I76: 1.5 | J76: 1.5 | K76: 6
A77: Ensacadeira | B77: 1 | C77: B1 | D77: 2 | E77: c67 | F77: 1000 | G77: =F77/220 -> 4.5454545 | H77: 1.5 | I77: 1.5 | J77: 1.5 | K77: 6
... A90: Tomadas | B90: 1 | C90: B1 | D90: 2 | E90: c80 | F90: 2200 | G90: =F90/220 -> 10 | H90: 1.5 | I90: 1.5 | J90: 1.5 | K90: 12
A93: PASTEURIZAÇÃO | B93: QUANTIDADE | C93: MÉTODO | D93: Numero de Condutores carregados | E93: Ci | F93: P (W) | G93: I (A) | H93: Ø (nn^2) | I93: Ø neutro | J93: Ø terra | K93: Disjuntor
A94: Pasteurizador | B94: 1 | C94: B1 | D94: 2 | E94: c81 | F94: 4000 | G94: =F94/220 -> 18.181818 | H94: 2.5 | I94: 2.5 | J94: 2.5 | K94: 20
A95: Pasteurizador | B95: 1 | C95: B1 | D95: 2 | E95: c82 | F95: 4000 | G95: =F95/220 -> 18.181818 | H95: 2.5 | I95: 2.5 | J95: 2.5 | K95: 20
A96: Pasteurizador | B96: 1 | C96: B1 | D96: 2 | E96: c83 | F96: 4000 | G96: =F96/220 -> 18.181818 | H96: 2.5 | I96: 2.5 | J96: 2.5 | K96: 20
A97: Pasteurizador | B97: 1 | C97: B1 | D97: 2 | E97: c84 | F97: 4000 | G97: =F97/220 -> 18.181818 | H97: 2.5 | I97: 2.5 | J97: 2.5 | K97: 20
A98: Pasteurizador | B98: 1 | C98: B1 | D98: 2 | E98: c85 | F98: 4000 | G98: =F98/220 -> 18.181818 | H98: 2.5 | I98: 2.5 | J98: 2.5 | K98: 20
A99: Pasteurizador | B99: 1 | C99: B1 | D99: 2 | E99: c86 | F99: 4000 | G99: =F99/220 -> 18.181818 | H99: 2.5 | I99: 2.5 | J99: 2.5 | K99: 20
A100: Pasteurizador | B100: 1 | C100: B1 | D100: 2 | E100: c87 | F100: 4000 | G100: =F100/220 -> 18.181818 | H100: 2.5 | I100: 2.5 | J100: 2.5 | K100: 20
A101: Pasteurizador | B101: 1 | C101: B1 | D101: 2 | E101: c88 | F101: 4000 | G101: =F101/220 -> 18.181818 | H101: 2.5 | I101: 2.5 | J101: 2.5 | K101: 20
A102: Pasteurizador | B102: 1 | C102: B1 | D102: 2 | E102: c89 | F102: 4000 | G102: =F102/220 -> 18.181818 | H102: 2.5 | I102: 2.5 | J102: 2.5 | K102: 20
A103: Pasteurizador | B103: 1 | C103: B1 | D103: 2 | E103: c90 | F103: 4000 | G103: =F103/220 -> 18.181818 | H103: 2.5 | I103: 2.5 | J103: 2.5 | K103: 20
A104: Pasteurizador | B104: 1 | C104: B1 | D104: 2 | E104: c91 | F104: 4000 | G104: =F104/220 -> 18.181818 | H104: 2.5 | I104: 2.5 | J104: 2.5 | K104: 20
A105: Pasteurizador | B105: 1 | C105: B1 | D105: 2 | E105: c92 | F105: 4000 | G105: =F105/220 -> 18.181818 | H105: 2.5 | I105: 2.5 | J105: 2.5 | K105: 20
... A113: Tomadas | B113: 1 | C113: B1 | D113: 2 | E113: c100 | F113: 2200 | G113: =F113/220 -> 10 | H113: 1.5 | I113: 1.5 | J113: 1.5 | K113: 12
A116: BENEFICIAMENTO | B116: QUANTIDADE | C116: MÉTODO | D116: Numero de Condutores carregados | E116: Ci | F116: P (W) | G116: I (A) | H116: Ø (nn^2) | I116: Ø neutro | J116: Ø terra | K116: Disjuntor
A117: Ar-condionado indutrial | B117: 1 | C117: B1 | D117: 2 | E117: c101 | F117: 72000 | G117: =F117/220 -> 327.27273 | H117: 185 | I117: 95 | J117: 95 | K117: 350
A118: Geladeira | B118: 3 | C118: B1 | D118: 2 | E118: c102 | F118: 1380 | G118: =F118/220 -> 6.2727273 | H118: 1.5 | I118: 1.5 | J118: 1.5 | K118: 10
A119: Geladeira | B119: 2 | C119: B1 | D119: 2 | E119: c103 | F119: 920 | G119: =F119/220 -> 4.1818182 | H119: 1.5 | I119: 1.5 | J119: 1.5 | K119: 6
A120: Esteira | B120: 5 | C120: B1 | D120: 2 | E120: c104 | F120: 750 | G120: =F120/220 -> 3.4090909 | H120: 1.5 | I120: 1.5 | J120: 1.5 | K120: 6
A121: Seladora a vácuo | B121: 1 | C121: B1 | D121: 2 | E121: c105 | F121: 1000 | G121: =F121/220 -> 4.5454545 | H121: 1.5 | I121: 1.5 | J121: 1.5 | K121: 6
A122: Seladora a vácuo | B122: 1 | C122: B1 | D122: 2 | E122: c106 | F122: 1000 | G122: =F122/220 -> 4.5454545 | H122: 1.5 | I122: 1.5 | J122: 1.5 | K122: 6
A123: Seladora a vácuo | B123: 1 | C123: B1 | D123: 2 | E123: c107 | F123: 1000 | G123: =F123/220 -> 4.5454545 | H123: 1.5 | I123: 1.5 | J123: 1.5 | K123: 6
A124: Seladora a vácuo | B124: 1 | C124: B1 | D124: 2 | E124: c108 | F124: 1000 | G124: =F124/220 -> 4.5454545 | H124: 1.5 | I124: 1.5 | J124: 1.5 | K124: 6
A125: Seladora a vácuo | B125: 1 | C125: B1 | D125: 2 | E125: c109 | F125: 1000 | G125: =F125/220 -> 4.5454545 | H125: 1.5 | I125: 1.5 | J125: 1.5 | K125: 6
A126: Triturador | B126: 1 | C126: B1 | D126: 2 | E126: c110 | F126: 2000 | G126: =F126/220 -> 9.0909091 | H126: 1.5 | I126: 1.5 | J126: 1.5 | K126: 10
A127: Triturador | B127: 1 | C127: B1 | D127: 2 | E127: c111 | F127: 2000 | G127: =F127/220 -> 9.0909091 | H127: 1.5 | I127: 1.5 | J127: 1.5 | K127: 10
A128: Triturador | B128: 1 | C128: B1 | D128: 2 | E128: c112 | F128: 2000 | G128: =F128/220 -> 9.0909091 | H128: 1.5 | I128: 1.5 | J128: 1.5 | K128: 10
... A139: Tomadas | B139: 1 | C139: B1 | D139: 2 | E139: c123 | F139: 2200 | G139: =F139/220 -> 10 | H139: 1.5 | I139: 1.5 | J139: 1.5 | K139: 12
A142: Pre-estoque | B142: QUANTIDADE | C142: MÉTODO | D142: Numero de Condutores carregados | E142: Ci | F142: P (W) | G142: I (A) | H142: Ø (nn^2) | I142: Ø neutro | J142: Ø terra | K142: Disjuntor
A143: Tomadas | B143: 1 | C143: B1 | D143: 2 | E143: c124 | F143: 2200 | G143: =F143/220 -> 10 | H143: 1.5 | I143: 1.5 | J143: 1.5 | K143: 12
A144: Tomadas | B144: 1 | C144: B1 | D144: 2 | E144: c125 | F144: 2200 | G144: =F144/220 -> 10 | H144: 1.5 | I144: 1.5 | J144: 1.5 | K144: 12
A145: Tomadas | B145: 1 | C145: B1 | D145: 2 | E145: c126 | F145: 2200 | G145: =F145/220 -> 10 | H145: 1.5 | I145: 1.5 | J145: 1.5 | K145: 12
A146: Tomadas | B146: 1 | C146: B1 | D146: 2 | E146: c127 | F146: 2200 | G146: =F146/220 -> 10 | H146: 1.5 | I146: 1.5 | J146: 1.5 | K146: 12
A147: Tomadas | B147: 1 | C147: B1 | D147: 2 | E147: c128 | F147: 2200 | G147: =F147/220 -> 10 | H147: 1.5 | I147: 1.5 | J147: 1.5 | K147: 12
A148: Tomadas | B148: 1 | C148: B1 | D148: 2 | E148: c129 | F148: 2200 | G148: =F148/220 -> 10 | H148: 1.5 | I148: 1.5 | J148: 1.5 | K148: 12
A149: Ar-condionado | B149: 1 | C149: B1 | D149: 2 | E149: c130 | F149: 8736 | G149: =F149/220 -> 39.709091 | H149: 6 | I149: 6 | J149: 6 | K149: 50
A152: Estoque | B152: QUANTIDADE | C152: MÉTODO | D152: Numero de Condutores carregados | E152: Ci | F152: P (W) | G152: I (A) | H152: Ø (nn^2) | I152: Ø neutro | J152: Ø terra | K152: Disjuntor
A153: Ar-condionado | B153: 1 | C153: B1 | D153: 2 | E153: c131 | F153: 8736 | G153: =F153/220 -> 39.709091 | H153: 6 | I153: 6 | J153: 6 | K153: 50
A154: Tomadas | B154: 1 | C154: B1 | D154: 2 | E154: c132 | F154: 2200 | G154: =F154/220 -> 10 | H154: 1.5 | I154: 1.5 | J154: 1.5 | K154: 12
A155: Tomadas | B155: 1 | C155: B1 | D155: 2 | E155: c133 | F155: 2200 | G155: =F155/220 -> 10 | H155: 1.5 | I155: 1.5 | J155: 1.5 | K155: 12
A156: Tomadas | B156: 1 | C156: B1 | D156: 2 | E156: c134 | F156: 2200 | G156: =F156/220 -> 10 | H156: 1.5 | I156: 1.5 | J156: 1.5 | K156: 12
A157: Tomadas | B157: 1 | C157: B1 | D157: 2 | E157: c135 | F157: 2200 | G157: =F157/220 -> 10 | H157: 1.5 | I157: 1.5 | J157: 1.5 | K157: 12
A158: Tomadas | B158: 1 | C158: B1 | D158: 2 | E158: c136 | F158: 2200 | G158: =F158/220 -> 10 | H158: 1.5 | I158: 1.5 | J158: 1.5 | K158: 12
A159: Tomadas | B159: 1 | C159: B1 | D159: 2 | E159: c137 | F159: 2200 | G159: =F159/220 -> 10 | H159: 1.5 | I159: 1.5 | J159: 1.5 | K159: 12
A160: Tomadas | B160: 1 | C160: B1 | D160: 2 | E160: c138 | F160: 2200 | G160: =F160/220 -> 10 | H160: 1.5 | I160: 1.5 | J160: 1.5 | K160: 12
A161: Tomadas | B161: 1 | C161: B1 | D161: 2 | E161: c139 | F161: 2200 | G161: =F161/220 -> 10 | H161: 1.5 | I161: 1.5 | J161: 1.5 | K161: 12
...

Sheet Metodo 3
A1: Quadro 7
A2: SALA DE CULTIVO | B2: QUANTIDADE | C2: Ci | D2: P (W) | E2: I (A) | F2: Ø (nn^2) | G2: Ø neutro | H2: Ø terra | I2: Disjuntor
A3: Nebulizador | B3: 2 | C3: c1 | D3: 700 | E3: =D3/220 -> 3.1818182 | F3: 1.5 | G3: 1.5 | H3: 1.5 | I3: 6
A4: Nebulizador | B4: 3 | C4: c2 | D4: 1050 | E4: =D4/220 -> 4.7727273 | F4: 1.5 | G4: 1.5 | H4: 1.5 | I4: 6
A5: Exaustor | B5: 1 | C5: c3 | D5: 1120 | E5: =D5/220 -> 5.0909091 | F5: 1.5 | G5: 1.5 | H5: 1.5 | I5: 6
A6: Exaustor | B6: 1 | C6: c4 | D6: 1120 | E6: =D6/220 -> 5.0909091 | F6: 1.5 | G6: 1.5 | H6: 1.5 | I6: 6
A7: Exaustor | B7: 1 | C7: c5 | D7: 1120 | E7: =D7/220 -> 5.0909091 | F7: 1.5 | G7: 1.5 | H7: 1.5 | I7: 6
A8: Exaustor | B8: 1 | C8: c6 | D8: 1120 | E8: =D8/220 -> 5.0909091 | F8: 1.5 | G8: 1.5 | H8: 1.5 | I8: 6
A9: Exaustor | B9: 1 | C9: c7 | D9: 1120 | E9: =D9/220 -> 5.0909091 | F9: 1.5 | G9: 1.5 | H9: 1.5 | I9: 6
A10: Exaustor | B10: 1 | C10: c8 | D10: 1120 | E10: =D10/220 -> 5.0909091 | F10: 1.5 | G10: 1.5 | H10: 1.5 | I10: 6
A11: Termostato | B11: 1 | C11: c9 | D11: 1500 | E11: =D11/220 -> 6.8181818 | F11: 1.5 | G11: 1.5 | H11: 1.5 | I11: 10
A12: Tomada | B12: 1 | C12: c10 | D12: 2200 | E12: =D12/220 -> 10 | F12: 1.5 | G12: 1.5 | H12: 1.5 | I12: 12
A13: Tomada | B13: 1 | C13: c11 | D13: 2200 | E13: =D13/220 -> 10 | F13: 1.5 | G13: 1.5 | H13: 1.5 | I13: 12
A14: Tomada | B14: 1 | C14: c12 | D14: 2200 | E14: =D14/220 -> 10 | F14: 1.5 | G14: 1.5 | H14: 1.5 | I14: 12
... A16: Tomada | B16: 1 | C16: c14 | D16: 2200 | E16: =D16/220 -> 10 | F16: 1.5 | G16: 1.5 | H16: 1.5 | I16: 12
C17: Soma | D17: =SUM(D3:D16) -> 20970 | E17: =SUM(E3:E16) -> 95.318182
A19: Quadro 5
A20: CORRIDA MICELIAL | B20: QUANTIDADE | C20: Ci | D20: P (W) | E20: I (A) | F20: Ø (nn^2) | G20: Ø neutro | H20: Ø terra | I20: Disjuntor
A21: Aquecedor | B21: 1 | C21: c15 | D21: 3000 | E21: =D21/220 -> 13.636364 | F21: 1.5 | G21: 1.5 | H21: 1.5 | I21: 15
A22: Aquecedor | B22: 1 | C22: c16 | D22: 3000 | E22: =D22/220 -> 13.636364 | F22: 1.5 | G22: 1.5 | H22: 1.5 | I22: 15
A23: Aquecedor | B23: 1 | C23: c17 | D23: 3000 | E23: =D23/220 -> 13.636364 | F23: 1.5 | G23: 1.5 | H23: 1.5 | I23: 15
A24: Aquecedor | B24: 1 | C24: c18 | D24: 3000 | E24: =D24/220 -> 13.636364 | F24: 1.5 | G24: 1.5 | H24: 1.5 | I24: 15
A25: Aquecedor | B25: 1 | C25: c19 | D25: 3000 | E25: =D25/220 -> 13.636364 | F25: 1.5 | G25: 1.5 | H25: 1.5 | I25: 15
A26: Umidificador | B26: 3 | C26: c20 | D26: 1350 | E26: =D26/220 -> 6.1363636 | F26: 1.5 | G26: 1.5 | H26: 1.5 | I26: 10
A27: Umidificador | B27: 2 | C27: c21 | D27: 900 | E27: =D27/220 -> 4.0909091 | F27: 1.5 | G27: 1.5 | H27: 1.5 | I27: 6
A28: Tomada | B28: 1 | C28: c22 | D28: 2200 | E28: =D28/220 -> 10 | F28: 1.5 | G28: 1.5 | H28: 1.5 | I28: 12
A29: Tomada | B29: 1 | C29: c23 | D29: 2200 | E29: =D29/220 -> 10 | F29: 1.5 | G29: 1.5 | H29: 1.5 | I29: 12
A30: Tomada | B30: 1 | C30: c24 | D30: 2200 | E30: =D30/220 -> 10 | F30: 1.5 | G30: 1.5 | H30: 1.5 | I30: 12
A31: Tomada | B31: 1 | C31: c25 | D31: 2200 | E31: =D31/220 -> 10 | F31: 1.5 | G31: 1.5 | H31: 1.5 | I31: 12
C32: Soma | D32: =SUM(D21:D31) -> 26050 | E32: =SUM(E21:E31) -> 118.40909
A34: Quadro 6
A35: LABORÁTORIO | B35: QUANTIDADE | C35: Ci | D35: P (W) | E35: I (A) | F35: Ø (nn^2) | G35: Ø neutro | H35: Ø terra | I35: Disjuntor
A36: Fluxo laminar horizontal | B36: 2 | C36: c26 | D36: 1140 | E36: =D36/220 -> 5.1818182 | F36: 1.5 | G36: 1.5 | H36: 1.5 | I36: 6
A37: Autoclave | B37: 1 | C37: c27 | D37: 9000 | E37: =D37/220 -> 40.909091 | F37: 6 | G37: 6 | H37: 6 | I37: 50
A38: Autoclave | B38: 1 | C38: c28 | D38: 9000 | E38: =D38/220 -> 40.909091 | F38: 1.5 | G38: 1.5 | H38: 1.5 | I38: 50
A39: Autoclave | B39: 1 | C39: c29 | D39: 9000 | E39: =D39/220 -> 40.909091 | F39: 1.5 | G39: 1.5 | H39: 1.5 | I39: 50
A40: Autoclave | B40: 1 | C40: c30 | D40: 9000 | E40: =D40/220 -> 40.909091 | F40: 2.5 | G40: 2.5 | H40: 2.5 | I40: 50
A41: Estufa | B41: 1 | C41: c31 | D41: 4000 | E41: =D41/220 -> 18.181818 | F41: 1.5 | G41: 1.5 | H41: 1.5 | I41: 20
A42: Estufa | B42: 1 | C42: c32 | D42: 4000 | E42: =D42/220 -> 18.181818 | F42: 2.5 | G42: 2.5 | H42: 2.5 | I42: 20
A43: Estufa | B43: 1 | C43: c33 | D43: 4000 | E43: =D43/220 -> 18.181818 | F43: 2.5 | G43: 2.5 | H43: 2.5 | I43: 20
A44: Estufa | B44: 1 | C44: c34 | D44: 4000 | E44: =D44/220 -> 18.181818 | F44: 2.5 | G44: 2.5 | H44: 2.5 | I44: 20
A45: Destilador | B45: 1 | C45: c35 | D45: 70000 | E45: =D45/220 -> 318.18182 | F45: 35 | G45: 25 | H45: 25 | I45: 320
A46: Freezer | B46: 5 | C46: c36 | D46: 1080 | E46: =D46/220 -> 4.9090909 | F46: 1.5 | G46: 1.5 | H46: 1.5 | I46: 6
A47: Freezer | B47: 2 | C47: c37 | D47: 720 | E47: =D47/220 -> 3.2727273 | F47: 1.5 | G47: 1.5 | H47: 1.5 | I47: 6
... A65: Tomadas | B65: 1 | C65: c55 | D65: 2200 | E65: =D65/220 -> 10 | F65: 1.5 | G65: 1.5 | H65: 1.5 | I65: 12
C66: Soma | D66: =SUM(D36:D65) -> 155748 | E66: =SUM(E36:E65) -> 707.94545
A68: Quadro 3
A69: PREPARO DO SUBSTRATO | B69: QUANTIDADE | C69: Ci | D69: P (W) | E69: I (A) | F69: Ø (nn^2) | G69: Ø neutro | H69: Ø terra | I69: Disjuntor
A70: Esteira | B70: 6 | C70: c56 | D70: 900 | E70: =D70/220 -> 4.0909091 | F70: 1.5 | G70: 1.5 | H70: 1.5 | I70: 6
A71: Misturador | B71: 1 | C71: c57 | D71: 10725 | E71: =D71/220 -> 48.75 | F71: 16 | G71: 16 | H71: 16 | I71: 50
A72: Misturador | B72: 1 | C72: c58 | D72: 10725 | E72: =D72/220 -> 48.75 | F72: 16 | G72: 16 | H72: 16 | I72: 50
A73: Misturador | B73: 1 | C73: c59 | D73: 10725 | E73: =D73/220 -> 48.75 | F73: 16 | G73: 16 | H73: 16 | I73: 50
A74: Misturador | B74: 1 | C74: c60 | D74: 10725 | E74: =D74/220 -> 48.75 | F74: 16 | G74: 16 | H74: 16 | I74: 50
A75: Misturador | B75: 1 | C75: c61 | D75: 10725 | E75: =D75/220 -> 48.75 | F75: 16 | G75: 16 | H75: 16 | I75: 50
A76: Misturador | B76: 1 | C76: c62 | D76: 10725 | E76: =D76/220 -> 48.75 | F76: 16 | G76: 16 | H76: 16 | I76: 50
A77: Ensacadeira | B77: 1 | C77: c63 | D77: 1000 | E77: =D77/220 -> 4.5454545 | F77: 1.5 | G77: 1.5 | H77: 1.5 | I77: 6
A78: Ensacadeira | B78: 1 | C78: c64 | D78: 1000 | E78: =D78/220 -> 4.5454545 | F78: 1.5 | G78: 1.5 | H78: 1.5 | I78: 6
A79: Ensacadeira | B79: 1 | C79: c65 | D79: 1000 | E79: =D79/220 -> 4.5454545 | F79: 1.5 | G79: 1.5 | H79: 1.5 | I79: 6
A80: Ensacadeira | B80: 1 | C80: c66 | D80: 1000 | E80: =D80/220 -> 4.5454545 | F80: 1.5 | G80: 1.5 | H80: 1.5 | I80: 6
A81: Ensacadeira | B81: 1 | C81: c67 | D81: 1000 | E81: =D81/220 -> 4.5454545 | F81: 1.5 | G81: 1.5 | H81: 1.5 | I81: 6
... A94: Tomadas | B94: 1 | C94: c80 | D94: 2200 | E94: =D94/220 -> 10 | F94: 2.5 | G94: 2.5 | H94: 2.5 | I94: 12
C95: Soma | D95: =SUM(D70:D94) -> 97586 | E95: =SUM(E70:E94) -> 443.57273
A97: Quadro 8
A98: PASTEURIZAÇÃO | B98: QUANTIDADE | C98: Ci | D98: P (W) | E98: I (A) | F98: Ø (nn^2) | G98: Ø neutro | H98: Ø terra | I98: Disjuntor
A99: Pasteurizador | B99: 1 | C99: c81 | D99: 4000 | E99: =D99/220 -> 18.181818 | F99: 2.5 | G99: 2.5 | H99: 2.5 | I99: 20
A100: Pasteurizador | B100: 1 | C100: c82 | D100: 4000 | E100: =D100/220 -> 18.181818 | F100: 2.5 | G100: 2.5 | H100: 2.5 | I100: 20
A101: Pasteurizador | B101: 1 | C101: c83 | D101: 4000 | E101: =D101/220 -> 18.181818 | F101: 2.5 | G101: 2.5 | H101: 2.5 | I101: 20
A102: Pasteurizador | B102: 1 | C102: c84 | D102: 4000 | E102: =D102/220 -> 18.181818 | F102: 2.5 | G102: 2.5 | H102: 2.5 | I102: 20
A103: Pasteurizador | B103: 1 | C103: c85 | D103: 4000 | E103: =D103/220 -> 18.181818 | F103: 2.5 | G103: 2.5 | H103: 2.5 | I103: 20
A104: Pasteurizador | B104: 1 | C104: c86 | D104: 4000 | E104: =D104/220 -> 18.181818 | F104: 1.5 | G104: 1.5 | H104: 1.5 | I104: 20
A105: Pasteurizador | B105: 1 | C105: c87 | D105: 4000 | E105: =D105/220 -> 18.181818 | F105: 1.5 | G105: 1.5 | H105: 1.5 | I105: 20
A106: Pasteurizador | B106: 1 | C106: c88 | D106: 4000 | E106: =D106/220 -> 18.181818 | F106: 1.5 | G106: 1.5 | H106: 1.5 | I106: 20
A107: Pasteurizador | B107: 1 | C107: c89 | D107: 4000 | E107: =D107/220 -> 18.181818 | F107: 1.5 | G107: 1.5 | H107: 1.5 | I107: 20
A108: Pasteurizador | B108: 1 | C108: c90 | D108: 4000 | E108: =D108/220 -> 18.181818 | F108: 1.5 | G108: 1.5 | H108: 1.5 | I108: 20
A109: Pasteurizador | B109: 1 | C109: c91 | D109: 4000 | E109: =D109/220 -> 18.181818 | F109: 1.5 | G109: 1.5 | H109: 1.5 | I109: 20
A110: Pasteurizador | B110: 1 | C110: c92 | D110: 4000 | E110: =D110/220 -> 18.181818 | F110: 1.5 | G110: 1.5 | H110: 1.5 | I110: 20
... A118: Tomadas | B118: 1 | C118: c100 | D118: 2200 | E118: =D118/220 -> 10 | F118: 1.5 | G118: 1.5 | H118: 1.5 | I118: 12
C119: Soma | D119: =SUM(D99:D118) -> 71000 | E119: =SUM(E99:E118) -> 322.72727
A121: Quadro 4
A122: BENEFICIAMENTO | B122: QUANTIDADE | C122: Ci | D122: P (W) | E122: I (A) | F122: Ø (nn^2) | G122: Ø neutro | H122: Ø terra | I122: Disjuntor
A123: Ar-condionado indutrial | B123: 1 | C123: c101 | D123: 72000 | E123: =D123/220 -> 327.27273 | F123: 95 | G123: 50 | H123: 50 | I123: 350
A124: Geladeira | B124: 3 | C124: c102 | D124: 1380 | E124: =D124/220 -> 6.2727273 | F124: 1.5 | G124: 1.5 | H124: 1.5 | I124: 10
A125: Geladeira | B125: 2 | C125: c103 | D125: 920 | E125: =D125/220 -> 4.1818182 | F125: 1.5 | G125: 1.5 | H125: 1.5 | I125: 6
A126: Esteira | B126: 5 | C126: c104 | D126: 750 | E126: =D126/220 -> 3.4090909 | F126: 1.5 | G126: 1.5 | H126: 1.5 | I126: 6
A127: Seladora a vácuo | B127: 1 | C127: c105 | D127: 1000 | E127: =D127/220 -> 4.5454545 | F127: 1.5 | G127: 1.5 | H127: 1.5 | I127: 6
A128: Seladora a vácuo | B128: 1 | C128: c106 | D128: 1000 | E128: =D128/220 -> 4.5454545 | F128: 1.5 | G128: 1.5 | H128: 1.5 | I128: 6
A129: Seladora a vácuo | B129: 1 | C129: c107 | D129: 1000 | E129: =D129/220 -> 4.5454545 | F129: 1.5 | G129: 1.5 | H129: 1.5 | I129: 6
A130: Seladora a vácuo | B130: 1 | C130: c108 | D130: 1000 | E130: =D130/220 -> 4.5454545 | F130: 1.5 | G130: 1.5 | H130: 1.5 | I130: 6
A131: Seladora a vácuo | B131: 1 | C131: c109 | D131: 1000 | E131: =D131/220 -> 4.5454545 | F131: 1.5 | G131: 1.5 | H131: 1.5 | I131: 6
A132: Triturador | B132: 1 | C132: c110 | D132: 2000 | E132: =D132/220 -> 9.0909091 | F132: 1.5 | G132: 1.5 | H132: 1.5 | I132: 10
A133: Triturador | B133: 1 | C133: c111 | D133: 2000 | E133: =D133/220 -> 9.0909091 | F133: 2.5 | G133: 2.5 | H133: 2.5 | I133: 10
A134: Triturador | B134: 1 | C134: c112 | D134: 2000 | E134: =D134/220 -> 9.0909091 | F134: 2.5 | G134: 2.5 | H134: 2.5 | I134: 10
... A145: Tomadas | B145: 1 | C145: c123 | D145: 2200 | E145: =D145/220 -> 10 | F145: 4 | G145: 4 | H145: 4 | I145: 12
C146: Soma | D146: =SUM(D123:D145) -> 107900 | E146: =SUM(E123:E145) -> 490.45455
A148: Quadro 1
A149: Pre-estoque | B149: QUANTIDADE | C149: Ci | D149: P (W) | E149: I (A) | F149: Ø (nn^2) | G149: Ø neutro | H149: Ø terra | I149: Disjuntor
A150: Tomadas | B150: 1 | C150: c124 | D150: 2200 | E150: =D150/220 -> 10 | F150: 1.5 | G150: 1.5 | H150: 1.5 | I150: 12
A151: Tomadas | B151: 1 | C151: c125 | D151: 2200 | E151: =D151/220 -> 10 | F151: 1.5 | G151: 1.5 | H151: 1.5 | I151: 12
A152: Tomadas | B152: 1 | C152: c126 | D152: 2200 | E152: =D152/220 -> 10 | F152: 1.5 | G152: 1.5 | H152: 1.5 | I152: 12
A153: Tomadas | B153: 1 | C153: c127 | D153: 2200 | E153: =D153/220 -> 10 | F153: 1.5 | G153: 1.5 | H153: 1.5 | I153: 12
...

Sheet distancias
B4: Quadro geral até o quadro principal | E4: 51
D5: Wt | E5: =SUM(D9:D16) -> 529726
D6: PT KW | E6: =E5/1000 -> 529.726
B8: Do principal ate | D8: W | E8: A | F8: w.m | G8: Ø (nn^2) | H8: Ø neutro | I8: Ø terra | J8: Disjuntor
B9: Quadro 1 | C9: 31 | D9: ='Metodo 3'!D157 -> 21936 | E9: ='Metodo 3'!E157 -> 99.709091 | F9: =D9*(C9+$E$4) -> 1798752 | G9: 50 | H9: 25 | I9: 25 | J9: 125
B10: Quadro 2 | C10: 30 | D10: ='Metodo 3'!D171 -> 28536 | E10: ='Metodo 3'!E171 -> 129.70909 | F10: =D10*(C10+$E$4) -> 2311416 | G10: 70 | H10: 35 | I10: 35 | J10: 140
B11: Quadro 3 | C11: 12 | D11: ='Metodo 3'!D95 -> 97586 | E11: ='Metodo 3'!E95 -> 443.57273 | F11: =D11*(C11+$E$4) -> 6147918 | G11: 150 | H11: 70 | I11: 70 | J11: 450
B12: Quadro 4 | C12: 12 | D12: ='Metodo 3'!D146 -> 107900 | E12: ='Metodo 3'!E146 -> 490.45455 | F12: =D12*(C12+$E$4) -> 6797700 | G12: 185 | H12: 95 | I12: 95 | J12: 500
B13: Quadro 5 | C13: 15 | D13: ='Metodo 3'!D32 -> 26050 | E13: ='Metodo 3'!E32 -> 118.40909 | F13: =D13*(C13+$E$4) -> 1719300 | G13: 50 | H13: 25 | I13: 25 | J13: 125
B14: Quadro 6 | C14: 17 | D14: ='Metodo 3'!D66 -> 155748 | E14: ='Metodo 3'!E66 -> 707.94545 | F14: =D14*(C14+$E$4) -> 10590864 | G14: 300 | H14: 150 | I14: 150 | J14: 750
B15: Quadro 7 | C15: 22 | D15: ='Metodo 3'!D17 -> 20970 | E15: ='Metodo 3'!E17 -> 95.318182 | F15: =D15*(C15+$E$4) -> 1530810 | G15: 50 | H15: 25 | I15: 25 | J15: 100
B16: Quadro 8 | C16: 21 | D16: ='Metodo 3'!D119 -> 71000 | E16: ='Metodo 3'!E119 -> 322.72727 | F16: =D16*(C16+$E$4) -> 5112000 | G16: 150 | H16: 70 | I16: 70 | J16: 350
B20: Quadro 1 até | F20: w.m | G20: Ø (nn^2)
B21: Tomadas | C21: c124 | D21: 12 | E21: 2200 | F21: =E21*D21 -> 26400 | G21: 1.5
B22: Tomadas | C22: c125 | D22: 11 | E22: 2200 | F22: =E22*D22 -> 24200 | G22: 1.5
B23: Tomadas | C23: c126 | D23: 10 | E23: 2200 | F23: =E23*D23 -> 22000 | G23: 1.5
B24: Tomadas | C24: c127 | D24: 12 | E24: 2200 | F24: =E24*D24 -> 26400 | G24: 1.5
B25: Tomadas | C25: c128 | D25: 11 | E25: 2200 | F25: =E25*D25 -> 24200 | G25: 1.5
B26: Tomadas | C26: c129 | D26: 10 | E26: 2200 | F26: =E26*D26 -> 22000 | G26: 1.5
B27: Ar-condionado | C27: c130 | D27: 16 | E27: 8736 | F27: =E27*D27 -> 139776 | G27: 6
D28: Soma | E28: =SUM(E21:E27) -> 21936 | F28: =SUM(F21:F27) -> 284976
B31: Quadro 2 até | F31: w.m | G31: Ø (nn^2)
B32: Ar-condionado | C32: c131 | D32: 15 | E32: 8736 | F32: =E32*D32 -> 131040 | G32: 6
B33: Tomadas | C33: c132 | D33: 16 | E33: 2200 | F33: =E33*D33 -> 35200 | G33: 1.5
B34: Tomadas | C34: c133 | D34: 16 | E34: 2200 | F34: =E34*D34 -> 35200 | G34: 1.5
B35: Tomadas | C35: c134 | D35: 15 | E35: 2200 | F35: =E35*D35 -> 33000 | G35: 1.5
B36: Tomadas | C36: c135 | D36: 14 | E36: 2200 | F36: =E36*D36 -> 30800 | G36: 1.5
B37: Tomadas | C37: c136 | D37: 14 | E37: 2200 | F37: =E37*D37 -> 30800 | G37: 1.5
B38: Tomadas | C38: c137 | D38: 13 | E38: 2200 | F38: =E38*D38 -> 28600 | G38: 1.5
B39: Tomadas | C39: c138 | D39: 13 | E39: 2200 | F39: =E39*D39 -> 28600 | G39: 1.5
B40: Tomadas | C40: c139 | D40: 13 | E40: 2200 | F40: =E40*D40 -> 28600 | G40: 1.5
B41: Tomadas | C41: c140 | D41: 13 | E41: 2200 | F41: =E41*D41 -> 28600 | G41: 1.5
D42: Soma | E42: =SUM(E32:E41) -> 28536 | F42: =SUM(F32:F41) -> 410440
B45: Quadro 3 até | F45: w.m | G45: Ø (nn^2)
B46: Esteira | C46: c56 | D46: 37 | E46: 900 | F46: =E46*D46 -> 33300 | G46: 1.5
B47: Misturador | C47: c57 | D47: 27 | E47: 10725 | F47: =E47*D47 -> 289575 | G47: 16
B48: Misturador | C48: c58 | D48: 29 | E48: 10725 | F48: =E48*D48 -> 311025 | G48: 16
B49: Misturador | C49: c59 | D49: 32 | E49: 10725 | F49: =E49*D49 -> 343200 | G49: 16
B50: Misturador | C50: c60 | D50: 19 | E50: 10725 | F50: =E50*D50 -> 203775 | G50: 16
B51: Misturador | C51: c61 | D51: 24 | E51: 10725 | F51: =E51*D51 -> 257400 | G51: 16
B52: Misturador | C52: c62 | D52: 37 | E52: 10725 | F52: =E52*D52 -> 396825 | G52: 16
B53: Ensacadeira | C53: c63 | D53: 28 | E53: 1000 | F53: =E53*D53 -> 28000 | G53: 1.5
B54: Ensacadeira | C54: c64 | D54: 30 | E54: 1000 | F54: =E54*D54 -> 30000 | G54: 1.5
B55: Ensacadeira | C55: c65 | D55: 33 | E55: 1000 | F55: =E55*D55 -> 33000 | G55: 1.5
B56: Ensacadeira | C56: c66 | D56: 38 | E56: 1000 | F56: =E56*D56 -> 38000 | G56: 1.5
B57: Ensacadeira | C57: c67 | D57: 23 | E57: 1000 | F57: =E57*D57 -> 23000 | G57: 1.5
... B70: Tomadas | C70: c80 | D70: 20 | E70: 2200 | F70: =E70*D70 -> 44000 | G70: 2.5
D71: Soma | E71: =SUM(E46:E70) -> 97586 | F71: =SUM(F46:F70) -> 2476036
B74: Quadro 4 até | F74: w.m | G74: Ø (nn^2)
B75: Ar-condionado indutrial | C75: c101 | D75: 30 | E75: 72000 | F75: =E75*D75 -> 2160000 | G75: 95
B76: Geladeira | C76: c102 | D76: 21 | E76: 1380 | F76: =E76*D76 -> 28980 | G76: 1.5
B77: Geladeira | C77: c103 | D77: 18 | E77: 920 | F77: =E77*D77 -> 16560 | G77: 1.5
B78: Esteira | C78: c104 | D78: 38 | E78: 750 | F78: =E78*D78 -> 28500 | G78: 1.5
B79: Seladora a vácuo | C79: c105 | D79: 21 | E79: 1000 | F79: =E79*D79 -> 21000 | G79: 1.5
B80: Seladora a vácuo | C80: c106 | D80: 23 | E80: 1000 | F80: =E80*D80 -> 23000 | G80: 1.5
B81: Seladora a vácuo | C81: c107 | D81: 25 | E81: 1000 | F81: =E81*D81 -> 25000 | G81: 1.5
B82: Seladora a vácuo | C82: c108 | D82: 29 | E82: 1000 | F82: =E82*D82 -> 29000 | G82: 1.5
B83: Seladora a vácuo | C83: c109 | D83: 32 | E83: 1000 | F83: =E83*D83 -> 32000 | G83: 1.5
B84: Triturador | C84: c110 | D84: 21 | E84: 2000 | F84: =E84*D84 -> 42000 | G84: 1.5
B85: Triturador | C85: c111 | D85: 23 | E85: 2000 | F85: =E85*D85 -> 46000 | G85: 2.5
B86: Triturador | C86: c112 | D86: 26 | E86: 2000 | F86: =E86*D86 -> 52000 | G86: 2.5
... B97: Tomadas | C97: c123 | D97: 33 | E97: 2200 | F97: =E97*D97 -> 72600 | G97: 4
D98: Soma | E98: =SUM(E75:E97) -> 107900 | F98: =SUM(F75:F97) -> 3102240
B101: Quadro 5 até | F101: w.m | G101: Ø (nn^2)
B102: Aquecedor | C102: c15 | D102: 13 | E102: 3000 | F102: =E102*D102 -> 39000 | G102: 1.5
B103: Aquecedor | C103: c16 | D103: 12 | E103: 3000 | F103: =E103*D103 -> 36000 | G103: 1.5
B104: Aquecedor | C104: c17 | D104: 11 | E104: 3000 | F104: =E104*D104 -> 33000 | G104: 1.5
B105: Aquecedor | C105: c18 | D105: 10 | E105: 3000 | F105: =E105*D105 -> 30000 | G105: 1.5
B106: Aquecedor | C106: c19 | D106: 8 | E106: 3000 | F106: =E106*D106 -> 24000 | G106: 1.5
B107: Umidificador | C107: c20 | D107: 7 | E107: 1350 | F107: =E107*D107 -> 9450 | G107: 1.5
B108: Umidificador | C108: c21 | D108: 5 | E108: 900 | F108: =E108*D108 -> 4500 | G108: 1.5
B109: Tomada | C109: c22 | D109: 18 | E109: 2200 | F109: =E109*D109 -> 39600 | G109: 1.5
B110: Tomada | C110: c23 | D110: 18 | E110: 2200 | F110: =E110*D110 -> 39600 | G110: 1.5
B111: Tomada | C111: c24 | D111: 12 | E111: 2200 | F111: =E111*D111 -> 26400 | G111: 1.5
B112: Tomada | C112: c25 | D112: 12 | E112: 2200 | F112: =E112*D112 -> 26400 | G112: 1.5
D113: Soma | E113: =SUM(E102:E112) -> 26050 | F113: =SUM(F102:F112) -> 307950
B116: Quadro 6 até | F116: w.m | G116: Ø (nn^2)
B117: Fluxo laminar horizontal | C117: c26 | D117: 12 | E117: 1140 | F117: =E117*D117 -> 13680 | G117: 1.5
B118: Autoclave | C118: c27 | D118: 14 | E118: 9000 | F118: =E118*D118 -> 126000 | G118: 6
B119: Autoclave | C119: c28 | D119: 1 | E119: 9000 | F119: =E119*D119 -> 9000 | G119: 1.5
B120: Autoclave | C120: c29 | D120: 2 | E120: 9000 | F120: =E120*D120 -> 18000 | G120: 1.5
B121: Autoclave | C121: c30 | D121: 6 | E121: 9000 | F121: =E121*D121 -> 54000 | G121: 2.5
B122: Estufa | C122: c31 | D122: 7 | E122: 4000 | F122: =E122*D122 -> 28000 | G122: 1.5
B123: Estufa | C123: c32 | D123: 14 | E123: 4000 | F123: =E123*D123 -> 56000 | G123: 2.5
B124: Estufa | C124: c33 | D124: 14 | E124: 4000 | F124: =E124*D124 -> 56000 | G124: 2.5
B125: Estufa | C125: c34 | D125: 13 | E125: 4000 | F125: =E125*D125 -> 52000 | G125: 2.5
B126: Destilador | C126: c35 | D126: 11 | E126: 70000 | F126: =E126*D126 -> 770000 | G126: 35
B127: Freezer | C127: c36 | D127: 15 | E127: 1080 | F127: =E127*D127 -> 16200 | G127: 1.5
B128: Freezer | C128: c37 | D128: 12 | E128: 720 | F128: =E128*D128 -> 8640 | G128: 1.5
... B146: Tomadas | C146: c55 | D146: 8 | E146: 2200 | F146: =E146*D146 -> 17600 | G146: 1.5
D147: Soma | E147: =SUM(E117:E146) -> 155748 | F147: =SUM(F117:F146) -> 1488224
B150: Quadro 7 até | F150: w.m | G150: Ø (nn^2)
B151: Nebulizador | C151: c1 | D151: 18 | E151: 700 | F151: =E151*D151 -> 12600 | G151: 1.5
B152: Nebulizador | C152: c2 | D152: 15 | E152: 1050 | F152: =E152*D152 -> 15750 | G152: 1.5
B153: Exaustor | C153: c3 | D153: 24 | E153: 1120 | F153: =E153*D153 -> 26880 | G153: 1.5
B154: Exaustor | C154: c4 | D154: 24 | E154: 1120 | F154: =E154*D154 -> 26880 | G154: 1.5
B155: Exaustor | C155: c5 | D155: 23 | E155: 1120 | F155: =E155*D155 -> 25760 | G155: 1.5
B156: Exaustor | C156: c6 | D156: 23 | E156: 1120 | F156: =E156*D156 -> 25760 | G156: 1.5
B157: Exaustor | C157: c7 | D157: 23 | E157: 1120 | F157: =E157*D157 -> 25760 | G157: 1.5
B158: Exaustor | C158: c8 | D158: 23 | E158: 1120 | F158: =E158*D158 -> 25760 | G158: 1.5
...

Sheet Iluminotecnica
B1: Area | C1: Nivel de Luminamento | D1: Lumens | E1: Altura do Pé direito | F1: Plano util de trabalho | G1: Plano de altura das luminarias | H1: Distancia Teorica | I1: Comprimento | J1: Número de luminárias do comprimento | K1: Largura | L1: Número de luminárias da largura | M1: Número total de luminárias | N1: Cálculo do fluxo luminoso por luminária | O1: Horas Ligado | P1: w | Q1: w do conjunto | R1: wh | S1: Kwh
A2: Sala de Cultivo | B2: 370 | C2: 1200 | D2: =(B2*C2)/0.5 -> 888000 | E2: 6 | F2: 1 | G2: 2 | H2: =1.5*(E2-F2-G2) -> 4.5 | I2: 24.7 | J2: =I2/H2 -> 5.4888889 | K2: 15 | L2: =K2/H2 -> 3.3333333 | M2: =J2*L2 -> 18.296296 | N2: =D2/M2 -> 48534.413 | O2: 12 | P2: 100 + 200 | Q2: =300*M2 -> 5488.8889 | R2: =Q2*O2 -> 65866.667 | S2: =R2/1000 -> 65.866667
A3: Corrida Micelial | B3: 225 | C3: 0 | D3: =(B3*C3)/0.5 -> 0 | E3: 6 | F3: 1 | G3: 2 | H3: =1.5*(E3-F3-G3) -> 4.5 | I3: 15 | J3: =I3/H3 -> 3.3333333 | K3: 15 | L3: =K3/H3 -> 3.3333333 | M3: =J3*L3 -> 11.111111 | N3: =D3/M3 -> 0 | O3: 0 | P3: 0 | Q3: =P3*M3 -> 0 | R3: =Q3*O3 -> 0 | S3: =R3/1000 -> 0
A4: Laboratorio | B4: 150 | C4: 300 | D4: =(B4*C4)/0.5 -> 90000 | E4: 6 | F4: 1.4 | G4: 2.5 | H4: =1.5*(E4-F4-G4) -> 3.15 | I4: 10 | J4: =I4/H4 -> 3.1746032 | K4: 15 | L4: =K4/H4 -> 4.7619048 | M4: =J4*L4 -> 15.117158 | N4: =D4/M4 -> 5953.5 | O4: 8 | P4: 60 | Q4: =P4*M4 -> 907.02948 | R4: =Q4*O4 -> 7256.2358 | S4: =R4/1000 -> 7.2562358
A5: Preparo do Substrato | B5: 904 | C5: 750 | D5: =(B5*C5)/0.5 -> 1356000 | E5: 6 | F5: 1.4 | G5: 0.3 | H5: =1.5*(E5-F5-G5) -> 6.45 | I5: 30.15 | J5: =I5/H5 -> 4.6744186 | K5: 30 | L5: =K5/H5 -> 4.6511628 | M5: =J5*L5 -> 21.741482 | N5: =D5/M5 -> 62369.254 | O5: 8 | P5: 200+200 | Q5: =400*M5 -> 8696.5928 | R5: =Q5*O5 -> 69572.742 | S5: =R5/1000 -> 69.572742
A6: Pasteurização | B6: 270 | C6: 60 | D6: =(B6*C6)/0.5 -> 32400 | E6: 6 | F6: 1 | G6: 0.4 | H6: =1.5*(E6-F6-G6) -> 6.9 | I6: 18 | J6: =I6/H6 -> 2.6086957 | K6: 15 | L6: =K6/H6 -> 2.173913 | M6: =J6*L6 -> 5.6710775 | N6: =D6/M6 -> 5713.2 | O6: 8 | P6: 60 | Q6: =P6*M6 -> 340.26465 | R6: =Q6*O6 -> 2722.1172 | S6: =R6/1000 -> 2.7221172
A7: Beneficiamento | B7: 1500 | C7: 850 | D7: =(B7*C7)/0.5 -> 2550000 | E7: 6 | F7: 1.4 | G7: 0.6 | H7: =1.5*(E7-F7-G7) -> 6 | I7: 50 | J7: =I7/H7 -> 8.3333333 | K7: 30 | L7: =K7/H7 -> 5 | M7: =J7*L7 -> 41.666667 | N7: =D7/M7 -> 61200 | O7: 8 | P7: 200+200 | Q7: =400*M7 -> 16666.667 | R7: =Q7*O7 -> 133333.33 | S7: =R7/1000 -> 133.33333
A8: Pre-estoque | B8: 225 | C8: 70 | D8: =(B8*C8)/0.5 -> 31500 | E8: 6 | F8: 0.7 | G8: 2.5 | H8: =1.5*(E8-F8-G8) -> 4.2 | I8: 15 | J8: =I8/H8 -> 3.5714286 | K8: 15 | L8: =K8/H8 -> 3.5714286 | M8: =J8*L8 -> 12.755102 | N8: =D8/M8 -> 2469.6 | O8: 8 | P8: 30 | Q8: =P8*M8 -> 382.65306 | R8: =Q8*O8 -> 3061.2245 | S8: =R8/1000 -> 3.0612245
A9: Estoque | B9: 225 | C9: 70 | D9: =(B9*C9)/0.5 -> 31500 | E9: 6 | F9: 0.7 | G9: 2.5 | H9: =1.5*(E9-F9-G9) -> 4.2 | I9: 15 | J9: =I9/H9 -> 3.5714286 | K9: 15 | L9: =K9/H9 -> 3.5714286 | M9: =J9*L9 -> 12.755102 | N9: =D9/M9 -> 2469.6 | O9: 8 | P9: 30 | Q9: =P9*M9 -> 382.65306 | R9: =Q9*O9 -> 3061.2245 | S9: =R9/1000 -> 3.0612245
A10: Entrada | B10: 452 | C10: 80 | D10: =(B10*C10)/0.5 -> 72320 | E10: 6 | F10: 1.6 | G10: 2 | H10: =1.5*(E10-F10-G10) -> 3.6 | I10: 30.15 | J10: =I10/H10 -> 8.375 | K10: 15 | L10: =K10/H10 -> 4.1666667 | M10: =J10*L10 -> 34.895833 | N10: =D10/M10 -> 2072.4537 | O10: 8 | P10: 30 | Q10: =P10*M10 -> 1046.875 | R10: =Q10*O10 -> 8375 | S10: =R10/1000 -> 8.375
A11: Area Auxiliar | B11: 448 | C11: 80 | D11: =(B11*C11)/0.5 -> 71680 | E11: 6 | F11: 1.6 | G11: 2 | H11: =1.5*(E11-F11-G11) -> 3.6 | I11: 31.85 | J11: =I11/H11 -> 8.8472222 | K11: 15 | L11: =K11/H11 -> 4.1666667 | M11: =J11*L11 -> 36.863426 | N11: =D11/M11 -> 1944.4747 | O11: 8 | P11: 30 | Q11: =P11*M11 -> 1105.9028 | R11: =Q11*O11 -> 8847.2222 | S11: =R11/1000 -> 8.8472222
R12: =SUM(R2:R11) -> 302095.77 | S12: =R12/1000 -> 302.09577
Q15: Tarifa para meio rural | R15: 0.53863
Q17: 1 hora | R17: =S12*R15 -> 162.71784
Q18: 8 horas | R18: =R17*8 -> 1301.7427
Q19: 1 dia de fabrica funcionando | R19: =((S2*4)*R15) +R18 -> 1443.6538

Sheet referencia
